No,Title,Short description,Image Link,Image caption
SF1,नागपुर,नागपुर (पूर्व में नागपोर) भारतीय राज्य महाराष्ट्र का तीसरा सबसे बड़ा शहर और शीतकालीन राजधानी है। यह जनसंख्या के हिसाब से 13 वां सबसे बड़ा भारतीय शहर है।,https://en.wikipedia.org/wiki/Nagpur#/media/File:Diksha_Bhumi.jpg,दीक्षा भूमि
SF2,पुणे,"पुणे को महाराष्ट्र की सांस्कृतिक राजधानी माना जाता है। कई प्रसिद्ध शैक्षणिक संस्थानों की उपस्थिति के कारण इसे ""पूर्व का ऑक्सफोर्ड"" भी कहा जाता है।","https://commons.wikimedia.org/wiki/%E0%A4%AA%E0%A5%81%E0%A4%A3%E0%A5%87#/media/File:Shaniwar_Wada_fort,_Pune.jpg",शनिवार वाडा
SF3,अहमदाबाद,"अहमदाबाद भारतीय राज्य गुजरात का सबसे बड़ा शहर और पूर्व राजधानी है। अहमदाबाद में क्रिकेट एक लोकप्रिय खेल है, जहाँ 54,000 सीटों वाला सरदार पटेल स्टेडियम है।",https://en.wikipedia.org/wiki/Ahmedabad#/media/File:Sheth_Hutheesinh_Temple.jpg,शेठ हुथीसिंह मंदिर
SF4,सूरत,सूरत भारतीय राज्य गुजरात का एक शहर है। यह एक बड़ा बंदरगाह हुआ करता था और अब हीरे की कटाई और चमकाने का केंद्र है।,https://en.wikipedia.org/wiki/Surat#/media/File:Diamond_Polisher.jpg,हीरा पालिश करनेवाला
SF5,जींद,"पहले सिख साम्राज्यों में से एक, जींद हरियाणा के बीच में स्थित है और जाट बेल्ट का चौथा जिला है।",https://en.wikipedia.org/wiki/Jind#/media/File:RaniTalab.png,रानी तालाब मंदिर
SF6,कानपुर,कानपुर (पहले कावनपोर) उत्तर प्रदेश राज्य का एक बड़ा शहर है। यह शहर अपने चमड़ा और कपड़ा उद्योगों के लिए प्रसिद्ध है।,https://en.wikipedia.org/wiki/Kanpur#/media/File:Kanpur_Central_Station.jpg,कानपुर सेंट्रल स्टेशन
SF7,अमरोहा,अमरोहा लोकसभा निर्वाचन क्षेत्र उत्तर प्रदेश के 80 लोकसभा (संसदीय) निर्वाचन क्षेत्रों में से एक है।,https://commons.wikimedia.org/wiki/Category:Amroha#/media/File:Azakhana_wazeer_un_nisa.jpg,"अमरोहा उत्तर प्रदेश, अज़खाना के सामने ऊंट पर भारत के बच्चे"
SF8,मंगलौर,"मैंगलोर, जिसे आधिकारिक रूप से मंगलुरु के रूप में जाना जाता है, भारतीय राज्य कर्नाटक का प्रमुख बंदरगाह शहर है। यह कर्नाटक का एकमात्र शहर है जिसमें परिवहन के सभी साधन मौजूद हैं - वायु, सड़क, रेल और समुद्र।",https://commons.wikimedia.org/wiki/Mangalore#/media/File:Ullal_Bridge_Mangalore.JPG,"उल्लाल ब्रिज, मैंगलोर"
SF9,तूतीकोरिन,"तूतीकोरिन, जिसे आधिकारिक तौर पर थूथुकुडी के नाम से जाना जाता है, भारत के तमिलनाडु राज्य में एक बंदरगाह शहर और एक औद्योगिक शहर है। थूथुकुडी का प्रमुख बंदरगाह मोती के लिए गोताखोरी और मछली पकड़ने के केंद्र के रूप में जाना जाता है।",https://en.wikipedia.org/wiki/Thoothukudi#/media/File:Tuticorin_Thermal_Power_Station_at_Night_1_crop.jpg,तूतीकोरिन थर्मल पावर स्टेशन
SF10,केप टाउन,"केप टाउन दक्षिण अफ्रीका का सबसे पुराना शहर है, जिसे आम तौर पर मदर सिटी नाम दिया जाता है।",https://en.wikipedia.org/wiki/Cape_Town#/media/File:Clifton_Beachs.jpg,केप टाउन में क्लिफ्टन बीच
SF11,कोलंबो,कोलंबो श्रीलंका की वाणिज्यिक राजधानी और जनसंख्या के हिसाब से सबसे बड़ा शहर है।,https://en.wikipedia.org/wiki/Colombo#/media/File:InsideSeema.jpg,गंगाराम मंदिर की सीमा मालाकाया
SF12,क्राइस्ट चर्च,क्राइस्टचर्च न्यूजीलैंड के दक्षिण द्वीप का सबसे बड़ा शहर और कैंटरबरी क्षेत्र की राजधानी है।,"https://en.wikipedia.org/wiki/Christchurch#/media/File:New_Brighton_and_the_Port_Hills,_Christchurch,_New_Zealand,_12_June_2008.jpg","न्यू ब्राइटन और पोर्ट हिल्स, क्राइस्टचर्च, न्यूजीलैंड"
SF13,डब्बो,डब्बो ऑस्ट्रेलिया के न्यू साउथ वेल्स के ओराना क्षेत्र का एक शहर है।,https://en.wikipedia.org/wiki/Dubbo#/media/File:Overlooking_Dubbo_from_the_suburb_of_West_Dubbo.jpg,पश्चिम डब्बो के उपनगर से डब्बो को देखना
SF14,सिडनी,सिडनी न्यू साउथ वेल्स की राजधानी है और ऑस्ट्रेलिया तथा ओशिनिया में सबसे अधिक आबादी वाला शहर है।,https://en.wikipedia.org/wiki/File:Sydney_skyline_from_the_north_August_2016_(29009142591).jpg,उत्तर से सिडनी क्षितिज
SF15,जमैका,जमैका एक द्वीपीय देश है जो कैरेबियन सागर में स्थित है।,https://en.wikipedia.org/wiki/Jamaica#/media/File:Montego_bay-1001.jpg,"मोंटेगो बे, जमैका"
SF16,लाहौर,लाहौर पाकिस्तान का सबसे बड़ा शहर और पंजाब क्षेत्र का ऐतिहासिक सांस्कृतिक केंद्र है।,https://en.wikipedia.org/wiki/Lahore#/media/File:The_Badshahi_in_all_its_glory_during_the_Eid_Prayers.JPG,बादशाही मस्जिद
SF17,ट्रांसवाल,"ट्रांसवाल प्रांत (अफ्रीकी: प्रोविंसी वैन डाई ट्रांसवाल), जिसे आमतौर पर ट्रांसवाल नाम से पुकारा जाता है, 1910 से 1994 में रंगभेद के अंत तक दक्षिण अफ्रीका का एक प्रांत था, जब एक नए संविधान ने इसका उप-विभाजन किया।",https://en.wikipedia.org/wiki/Transvaal_(province)#/media/File:Colony_of_the_Transvaal.png,"दक्षिण अफ्रीकी गणराज्य के शस्त्र का कोट और बाद में, ट्रांसवाल प्रांत।"
SF18,टॉरंगा,टॉरंगा न्यूजीलैंड के उत्तरी द्वीप के प्लेंटी क्षेत्र की खाड़ी में सबसे अधिक आबादी वाला शहर है। यह  13वीं शताब्दी के अंत में माओरी द्वारा और 19वीं सदी की शुरुआत में यूरोपीय लोगों द्वारा बसाया गया था और 1963 में एक शहर के रूप में गठित किया गया था।,https://en.wikipedia.org/wiki/Tauranga#/media/File:Mount_Maunganui-2952.jpg,माउंगानुई पर्वत से टॉरंगा
SF19,टांटन,"टांटन समरसेट, इंग्लैंड में एक बड़ा क्षेत्रीय शहर है। 2011 में शहर की आबादी 69,570 थी। टांटन का 1,000 से अधिक वर्षों का धार्मिक और सैन्य इतिहास है।",https://en.wikipedia.org/wiki/Taunton#/media/File:Taunton.somerset.750pix.jpg,"द वार मेमोरियल एंड टाउन सेंटर, टांटन"
SF21,देवधर ट्रॉफी,"देवधर ट्रॉफी भारतीय घरेलू क्रिकेट में लिस्ट ए क्रिकेट प्रतियोगिता है। इसका नाम प्रो. डी.बी. देवधर (भारतीय क्रिकेट के पितामह के रूप में ज्ञात) के नाम पर रखा गया है और यह 3 राष्ट्रीय स्तर की टीमों - इंडिया ए, इंडिया बी और इंडिया सी के बीच वार्षिक आधार पर खेली जाने वाली 50 ओवर की नॉकआउट प्रतियोगिता है।",no image available,लागू नहीं
SF22,सैयद मुश्ताक अली ट्रॉफी,"सैयद मुश्ताक अली ट्रॉफी भारत में एक ट्वेंटी 20 क्रिकेट घरेलू चैंपियनशिप है, जो कि भारतीय क्रिकेट कंट्रोल बोर्ड (BCCI)  द्वारा रणजी ट्रॉफी की टीमों के बीच आयोजित की जाती है। 2008-09 का सीज़न इस ट्रॉफी का उद्घाटन सत्र था।",no image available,लागू नहीं
SF23,दलीप ट्रॉफी,दलीप ट्रॉफी भारत में खेली जाने वाली एक घरेलू प्रथम श्रेणी क्रिकेट प्रतियोगिता है। नवानगर के कुमार श्री दलीपसिंहजी (जिन्हें 'दलीप' के नाम से भी जाना जाता है) के नाम पर आयोजित इस प्रतियोगिता में मूल रूप से भारत के भौगोलिक क्षेत्रों का प्रतिनिधित्व करने वाली टीमों द्वारा प्रतिस्पर्द्धा की जाती थी।,no image available,लागू नहीं
SF24,जस्टिन लैंगर,"जस्टिन ली लैंगर एएम एक ऑस्ट्रेलियाई पूर्व क्रिकेटर और ऑस्ट्रेलियाई राष्ट्रीय पुरुष क्रिकेट टीम के वर्तमान कोच हैं, जिन्हें मई 2018 में इस भूमिका के लिए नियुक्त किया गया है। बाएं हाथ के बल्लेबाज, लैंगर ऑस्ट्रेलिया के टेस्ट के लिए मैथ्यू हेडन के साथ अपनी साझेदारी के लिए जाने जाते हैं। 2000 के दशक के शुरुआती और मध्य के दशक के दौरान सलामी बल्लेबाजों में सबसे सफल में से एक माना जाता है।",https://en.wikipedia.org/wiki/Justin_Langer#/media/File:Justin_Langer_Portrait.png,"जस्टिन लैंगर, सिडनी क्रिकेट ग्राउंड, 2 जनवरी 2007।"
SF25,युवराज सिंह,"युवराज सिंह (जन्म 12 दिसंबर 1981) एक भारतीय अंतर्राष्ट्रीय क्रिकेटर हैं, जो खेल के सभी रूपों को खेलते हैं। एक ऑलराउंडर जो मध्य क्रम में बाएं हाथ से बल्लेबाजी करता है और बाएं हाथ से धीमी ऑर्थोडॉक्स गेंदबाजी करता है, युवराज पूर्व भारतीय तेज गेंदबाज और पंजाबी अभिनेता योगराज सिंह के पुत्र हैं।",https://en.wikipedia.org/wiki/Yuvraj_Singh#/media/File:Yuvraj_Singh_appointed_as_Ulysse_Nardin_watch_brand_ambassador.jpeg,युवराज सिंह को उलेसे नार्डिन के ब्रांड एंबेसडर के रूप में नियुक्त किया गया
SF26,तिलकरत्ने दिलशान,"तिलकरत्ने मुदियंसलगे दिलशान श्रीलंका के पूर्व क्रिकेटर और श्रीलंका की राष्ट्रीय क्रिकेट टीम के पूर्व कप्तान हैं। एकदिवसीय इतिहास में रनों का पीछा करने वाले सर्वश्रेष्ठ श्रीलंकाई खिलाड़ी के रूप में, उन्हें अक्सर सभी समय के सबसे नवाचारी बल्लेबाजों में से एक माना जाता है।",https://en.wikipedia.org/wiki/Tillakaratne_Dilshan#/media/File:Tillakaratne_Dilshan_portrait.jpg,श्रीलंकाई क्रिकेटर तिलकरत्ने दिलशान
SF27,जहीर खान,"जहीर खान एक पूर्व भारतीय क्रिकेटर हैं, जो 2000 से 2014 तक भारतीय राष्ट्रीय टीम के लिए खेल के सभी स्वरूपों में खेले। वह कपिल देव के पश्चात, टेस्ट क्रिकेट में दूसरे सबसे सफल भारतीय तेज गेंदबाज थे।",https://en.wikipedia.org/wiki/Zaheer_Khan#/media/File:Zaheer_khan_72.jpg,जहीर खान
SF28,शाहिद अफरीदी,"साहिबजादा मोहम्मद शाहिद खान अफरीदी, जो बूम बूम के नाम से लोकप्रिय हैं, एक पाकिस्तानी क्रिकेटर और पाकिस्तान की राष्ट्रीय क्रिकेट टीम के पूर्व कप्तान हैं। एक सफल ऑलराउंडर के रूप में, अफरीदी को उनकी लगातार गेंदबाजी के लिए सम्मान दिया गया जो स्पिन के बजाय गति के बदलाव पर निर्भर करती थी, लेकिन उन्होंने अपनी आक्रामक बल्लेबाजी शैली से अधिक ध्यान आकर्षित किया।",https://en.wikipedia.org/wiki/Shahid_Afridi#/media/File:Shahid_Afridi_in_2017.jpg,शाहिद अफरीदी
SF29,शेन वॉटसन,"शेन रॉबर्ट वॉटसन एक ऑस्ट्रेलियाई अंतरराष्ट्रीय क्रिकेटर हैं, जो ऑस्ट्रेलिया की राष्ट्रीय क्रिकेट टीम के लिए खेले हैं और वर्तमान में इंडियन प्रीमियर लीग में चेन्नई सुपर किंग्स और पाकिस्तान सुपर लीग में क्व़ेटा ग्लैडिएटर्स के लिए खेलते हैं।",https://en.wikipedia.org/wiki/Shane_Watson#/media/File:Shane_Watson_2016_new5.jpg,शेन वॉटसन
SF30,शॉन मार्श,"शॉन एडवर्ड मार्श एक ऑस्ट्रेलियाई क्रिकेटर हैं जो ऑस्ट्रेलियाई घरेलू क्रिकेट में वेस्टर्न वारियर्स के लिए खेलते हैं और टेस्ट और एक दिवसीय अंतरराष्ट्रीय प्रारूपों में ऑस्ट्रेलिया का प्रतिनिधित्व करते हैं। उनका उपनाम एसओएस (""दलदली का बेटा"") है, वह बाएं हाथ के सलामी बल्लेबाज हैं।",https://en.wikipedia.org/wiki/Shaun_Marsh#/media/File:Shaun_Marsh.jpg,शॉन मार्श
SF31,सोहेल तनवीर,"सोहेल तनवीर एक पाकिस्तानी क्रिकेटर हैं, जिन्होंने अपने अपरंपरागत बाएं हाथ के गेंदबाजी एक्शन और विशेष रूप से इस  खेल के ट्वेंटी -20 प्रारूप में सफलता के लिए ख्याति प्राप्त की है।",https://www.flickr.com/photos/junaidrao/12545857264,सोहेल तनवीर
SF32,आर पी सिंह,"रुद्र प्रताप सिंह (जन्म 6 दिसंबर 1985), आमतौर पर आरपी सिंह के रूप में, एक पूर्व भारतीय क्रिकेटर हैं, जिन्होंने टेस्ट, वन डे इंटरनेशनल और ट्वेंटी 20 अंतरराष्ट्रीय क्रिकेट में बाएं हाथ के तेज गेंदबाज के रूप में भारत का प्रतिनिधित्व किया है, सितंबर 2018 में, उन्होंने  क्रिकेट के सभी रूपों से अपनी सेवानिवृत्ति की घोषणा की।",no image available,लागू नहीं
SF33,प्रज्ञान ओझा,"प्रज्ञान प्रकाश ओझा एक भारतीय क्रिकेटर हैं, जिन्होंने टेस्ट, वनडे और टी 20 में भारत का प्रतिनिधित्व किया है। वह एक धीमी गति से बाएं हाथ के ऑर्थोडॉक्स गेंदबाज और बाएं हाथ के पुछल्ले बल्लेबाज हैं।",https://en.wikipedia.org/wiki/Pragyan_Ojha#/media/File:PragyanOjha_.jpg,भारतीय क्रिकेटर प्रज्ञान ओझा
SF34,रॉबिन उथप्पा,रॉबिन वेणु उथप्पा एक भारतीय क्रिकेटर हैं। वह घरेलू क्रिकेट में कर्नाटक के लिए और आईपीएल में कोलकाता नाइट राइडर्स के लिए खेलते हैं।,https://en.wikipedia.org/wiki/Robin_Uthappa#/media/File:Robin_Uthappa_on_the_Show.jpg,रॉबिन उथप्पा
SF35,मैथ्यू हेडन,"मैथ्यू लॉरेंस हेडन AM एक ऑस्ट्रेलियाई क्रिकेट कमेंटेटर और पूर्व क्रिकेटर हैं। उनका करियर पंद्रह साल का रहा। हेडन एक शक्तिशाली और बाएं हाथ के आक्रामक सलामी बल्लेबाज थे, जो टेस्ट और एक दिवसीय दोनों स्तरों पर जल्दी स्कोर करने की क्षमता के लिए जाने जाते थे।",https://en.wikipedia.org/wiki/Matthew_Hayden#/media/File:Matt_Hayden.jpg,ऑस्ट्रेलियाई क्रिकेटर मैथ्यू हेडन
SF36,एडम गिलक्रिस्ट,"एडम क्रेग गिलक्रिस्ट,AM उपनाम ""गिल्ली"" या ""चर्ची"", एक ऑस्ट्रेलियाई क्रिकेट कमेंटेटर और पूर्व अंतरराष्ट्रीय क्रिकेटर और ऑस्ट्रेलिया के पूर्व कप्तान हैं। वह एक बाएं हाथ के बल्लेबाज और रिकॉर्ड तोड़ने वाले विकेटकीपर थे, जिन्होंने अपनी आक्रामक बल्लेबाजी के माध्यम से ऑस्ट्रेलिया की राष्ट्रीय टीम के लिए भूमिका को नए सिरे से पारिभाषित किया।",https://en.wikipedia.org/wiki/Adam_Gilchrist#/media/File:Adam_Gilchrist_of_Australia_(cropped).jpg,एडम गिलक्रिस्ट
SF37,ट्रेंट बोल्ट,ट्रेंट अलेक्जेंडर बोल्ट न्यूजीलैंड के एक अंतरराष्ट्रीय क्रिकेटर हैं जो न्यूजीलैंड के घरेलू क्रिकेट में उत्तरी जिलों के लिए और अंतरराष्ट्रीय स्तर पर न्यूजीलैंड के लिए एक गेंदबाज के रूप में खेलते हैं।,"https://en.wikipedia.org/wiki/Trent_Boult#/media/File:2018.02.03.22.23.14-AUSvNZL_T20_AUS_innings,_SCG_(39533156665).jpg",ट्रेंट बोल्ट
SF38,मार्टिन गुप्टिल ,"मार्टिन जेम्स गुप्टिल न्यूजीलैंड के अंतरराष्ट्रीय क्रिकेटर हैं जो खेल के सीमित ओवरों के प्रारूप में एक सलामी बल्लेबाज के रूप में खेलते हैं। गुप्टिल न्यूजीलैंड के पहले और कुल मिलाकर पांचवे क्रिकेटर हैं, जिन्होंने एक दिवसीय अंतरराष्ट्रीय मैच में दोहरा शतक बनाया है।",https://en.wikipedia.org/wiki/Martin_Guptill#/media/File:Martin_Guptill_2_(cropped).jpg,मार्टिन गुप्टिल 
SF39,मिशेल स्टार्क,"मिशेल आरोन स्टार्क, एक ऑस्ट्रेलियाई अंतरराष्ट्रीय क्रिकेटर हैं, जो ऑस्ट्रेलियाई राष्ट्रीय टीम और घरेलू क्रिकेट में न्यू साउथ वेल्स के लिए खेलते हैं। वह बाएं हाथ के तेज गेंदबाज और निचले क्रम के बाएं हाथ के एक सक्षम बल्लेबाज हैं।",https://en.wikipedia.org/wiki/Mitchell_Starc#/media/File:Mitchell_Starc.jpg,मिशेल स्टार्क
SF40,फ्लोयड रिफ़र,"फ्लॉयड लामोन्टे रिफ़र बारबाडियन क्रिकेटर हैं। वह बाएं हाथ के मध्य क्रम के बल्लेबाज और दाएं हाथ के मध्यम गति के गेंदबाज हैं। रिफ़र ने वेस्ट इंडीज़ क्रिकेट टीम के लिए छह टेस्ट और आठ एक दिवसीय अंतरराष्ट्रीय मैच खेले हैं, जो 1997 में श्रीलंका के खिलाफ एक घरेलू दौरे और आईसीसी चैंपियंस ट्रॉफी के 2009 संस्करण में खेले गए थे।",no image available,लागू नहीं
SF41,मार्टिन क्रो,"मार्टिन डेविड क्रो एमबीई न्यूजीलैंड के पूर्व क्रिकेटर, टेस्ट और एकदिवसीय कप्तान के साथ-साथ एक कमेंटेटर भी थे। उन्होंने 1982 और 1995 के बीच न्यूजीलैंड की राष्ट्रीय क्रिकेट टीम के लिए खेला और उन्हें देश का सबसे महान बल्लेबाज माना जाता है।",https://en.wikipedia.org/wiki/Martin_Crowe#/media/File:Martin_Crowe_2011.jpg,मार्टिन क्रो ने 2011 में एक चैरिटी मैच में बल्लेबाजी की
SF42,लांस क्लूजनर,"लांस क्लूजनर दक्षिण अफ्रीका के पूर्व हरफनमौला क्रिकेटर हैं। वह अपनी आक्रामक बल्लेबाजी और तेज-मध्यम स्विंग गेंदबाजी के लिए जाने जाते हैं। ज़ुलु भाषा में वाकपटुता के कारण उन्हें ""ज़ुलु"" उपनाम दिया गया है। अपनी सेवानिवृत्ति के बाद से उन्होंने कभी-कभी ज़ुलु और झोसा दोनों में क्रिकेट पर टिप्पणी की है।",no image available,लागू नहीं
SF43,ज्योफ अलॉट,"ज्योफ्री इयान अलॉट न्यूजीलैंड के पूर्व क्रिकेटर हैं, जिन्होंने 1996 से 2000 तक 10 टेस्ट और 31 एक दिवसीय अंतरराष्ट्रीय मैचों में खेला था। चोटों की एक श्रृंखला के बाद, उन्होंने 2001 में सभी प्रकार के क्रिकेट से संन्यास ले लिया।",no image available,लागू नहीं
SF44,मिकी आर्थर,"जॉन माइकल ""मिकी"" आर्थर एक दक्षिण अफ्रीकी क्रिकेट कोच और पूर्व क्रिकेटर हैं, जो 1986 से 2001 तक दक्षिण अफ्रीकी घरेलू क्रिकेट में खेलते थे। वह पाकिस्तान क्रिकेट टीम के वर्तमान कोच हैं।",https://en.wikipedia.org/wiki/Mickey_Arthur#/media/File:Mickey_Arthur.jpg,मिकी आर्थर
SF45,ओटिस गिब्सन,ओटिस डेलारॉय गिब्सन बारबाडोस के पूर्व भारतीय खिलाड़ी हैं। एक तेज गेंदबाज और वेस्ट इंडीज के लिए पुरानी क्रिकेट गेंद का फायदा उठाने वाले गिब्सन अब दक्षिण अफ्रीकी क्रिकेट टीम के मुख्य कोच हैं।,no image available,लागू नहीं
SF46,गैरी स्टीड,"गैरी रेमंड स्टीड न्यूजीलैंड के पूर्व टेस्ट क्रिकेटर हैं, जो न्यूजीलैंड क्रिके टीम के मुख्य कोच हैं, जिन्हें अगस्त 2018 में नियुक्त किया गया है। एक शीर्ष क्रम के बल्लेबाज, स्टीड ने 1999 में नौ महीनों में पांच टेस्ट खेले, जिनका औसत 34.75 रहा और कभी भी इकाई अंकों में आउट नहीं हुए।",https://commons.wikimedia.org/wiki/File:Gary_Stead.jpg,गैरी स्टीड
SF48,शेन वार्न,"शेन कीथ वार्न एक ऑस्ट्रेलियाई क्रिकेट कमेंटेटर और पूर्व क्रिकेटर और ऑस्ट्रेलियाई राष्ट्रीय टीम के एकदिवसीय कप्तान हैं। उन्हें खेल के इतिहास में व्यापक रूप से सबसे महान गेंदबाजों में से एक के रूप में माना जाता है, वार्न को 1994 के विजडन क्रिकेटर्स अलमैनैक में विजडन क्रिकेटर्स ऑफ द ईयर के रूप में नामित किया गया था।",https://en.wikipedia.org/wiki/Shane_Warne#/media/File:Shane_Warne_February_2015.jpg,शेन वार्न
SF49,रिकी पोंटिंग,"रिकी थॉमस पोंटिंग, एओ, एक ऑस्ट्रेलियाई क्रिकेट कमेंटेटर और पूर्व क्रिकेटर हैं, और 2003 और 2007 में दो बार के विश्व कप विजेता कप्तान, व्यापक रूप से सभी समय के महानतम बल्लेबाजों में से एक माने जाते हैं। पोंटिंग अपने 'स्वर्ण युग' 2004 और 2011 के बीच टेस्ट और 2002 और 2011 के बीच वन डे के दौरान ऑस्ट्रेलियाई राष्ट्रीय टीम के कप्तान थे।",https://en.wikipedia.org/wiki/Ricky_Ponting#/media/File:Ricky_Ponting_2015.jpg,रिकी पोंटिंग
SF50,ट्रेवर बेलिस,"ट्रेवर हार्ले बेलिस एक ऑस्ट्रेलियाई क्रिकेट कोच और पूर्व प्रथम श्रेणी क्रिकेटर हैं। उन्होंने कोच बनने से पहले 1985 से 1997 के बीच न्यू साउथ वेल्स के लिए खेला। बेलिस वर्तमान में इंग्लैंड के कोच हैं। उन्होंने 2007 और 2011 के बीच श्रीलंका की कोचिंग की, एक ऐसी अवधि जिसमें उनकी टीम का समापन 2011 विश्व कप में उपविजेता के रूप में हुआ।",no image available,लागू नहीं
SF51,इमरान खान,"इमरान अहमद खान नियाज़ी एचआई पीपी एक पाकिस्तानी राजनेता और पूर्व अंतरराष्ट्रीय क्रिकेटर हैं, जो पाकिस्तान के 22 वें और पदस्थ प्रधानमंत्री हैं।",https://en.wikipedia.org/wiki/Imran_Khan#/media/File:Mike_Pompeo_with_Imran_Khan_in_Islamabad_-_2018_(29559549217)_(cropped).jpg,इमरान खान
SF52,चमिंडा वास,"वारनकुलासुरिया पटाबेंदिगे उशांथा जोसेफ चमिंडा वास, जो कि अधिक व्यापक रूप से चमिंडा वास के रूप में जाने जाते हैं, एक पूर्व श्रीलंकाई अंतरराष्ट्रीय क्रिकेटर हैं, जिन्होंने खेल के सभी रूपों, और एक पूर्व एकदिवसीय कप्तान की भूमिका निभाई। अक्सर 'श्रीलंका के सार्वकालिक सबसे भेदक और सफल नए गेंदबाज' के रूप में वर्णित' वास वर्तमान में एकदिवसीय इतिहास में सर्वश्रेष्ठ गेंदबाजी का रिकॉर्ड रखते हैं, और एकदिवसीय में 8 विकेट लेने का रिकॉर्ड रखने वाले एकमात्र गेंदबाज़ हैं।",https://en.wikipedia.org/wiki/Chaminda_Vaas#/media/File:Chaminda_Vaas.jpg,चमिंडा वास
SF53,सुनील नरेन,"सुनील फिलिप नरेन भारतीय मूल के एक त्रिनिदादी क्रिकेटर हैं जो वेस्ट इंडीज के लिए खेलते हैं। मुख्य रूप से एक ऑफ स्पिन गेंदबाज, एक आक्रामक बाएं हाथ के बल्लेबाज भी हैं।",no image available,लागू नहीं
SF54,जावेद मियांदाद,"मोहम्मद जावेद मियांदाद, जिन्हें जावेद मियांदाद के नाम से जाना जाता है, एक पाकिस्तानी क्रिकेट कोच, कमेंटेटर और पूर्व क्रिकेटर हैं जो कप्तानी और बल्लेबाजी की अपनी अपरंपरागत शैली के लिए जाने जाते हैं।",https://commons.wikimedia.org/wiki/File:Rene_Schoonheim_and_Javed_Miandad_1978.jpg,रेने शूनहेम और जावेद मियांदाद
SF55,इंजमाम-उल-हक,"सैयद इंजमाम-उल-हक, जिन्हें इन्ज़ी के नाम से भी जाना जाता है, एक पूर्व पाकिस्तानी क्रिकेटर और पूर्व कप्तान हैं।",https://en.wikipedia.org/wiki/Inzamam-ul-Haq#/media/File:Inzamam-ul-Haq.jpg,इंजमाम उल हक
SF56,एलन डोनाल्ड,"एलन एंथनी डोनाल्ड दक्षिण अफ्रीका के पूर्व क्रिकेटर हैं जो अब क्रिकेट कोच हैं। अक्सर 'व्हाइट लाइटनिंग' के उपनाम से ज्ञात, उन्हें दक्षिण अफ्रीका की राष्ट्रीय क्रिकेट टीम के सबसे सफल तेज गेंदबाजों में से एक माना जाता है।",https://en.wikipedia.org/wiki/Allan_Donald#/media/File:Allan_Donald.jpg,एलन डोनाल्ड
SF57,जैक्स कैलिस,"जैक्स कैलिस दक्षिण अफ्रीका के पूर्व क्रिकेटर और पूर्व टेस्ट और वनडे कप्तान हैं। दाएं हाथ के बल्लेबाज और दाएं हाथ के तेज-तर्रार स्विंग गेंदबाज के रूप में, कैलिस को अब तक के सबसे महान क्रिकेटरों में से एक और खेल का सबसे बड़ा आल राउंडर माना जाता है।",https://en.wikipedia.org/wiki/Jacques_Kallis#/media/File:JAQUES_KALLIS_(3175901786).jpg,जैक्स कैलिस
SF58,ब्रेंडन मैकुलम,"ब्रेंडन बैरी ""बाज"" मैकुलम, ओएनजेडएम न्यूजीलैंड के पूर्व अंतरराष्ट्रीय क्रिकेटर हैं, जिन्होंने सभी प्रारूपों में खेला है, और सभी प्रारूपों में पूर्व कप्तान भी हैं। मैकुलम ने टेस्ट मैचों में भी तेज स्कोरिंग की, विशेष रूप से अब तक के सबसे तेज टेस्ट शतक का रिकॉर्ड बनाया। उन्हें न्यूजीलैंड क्रिकेट के सबसे सफल बल्लेबाजों और कप्तानों में से एक माना जाता है।",https://en.wikipedia.org/wiki/Brendon_McCullum#/media/File:England_vs._New_Zealand_2015_(3)_(McCullum_further_cropped).jpg,ब्रेंडन मैकुलम
SF59,सनथ जयसूर्या,"देशबंधु सनथ तेरन जयसूर्या श्रीलंका के पूर्व क्रिकेटर और श्रीलंकाई राष्ट्रीय टीम के पूर्व कप्तान हैं। उन्हें सार्वकालिक महानतम एक दिवसीय अंतरराष्ट्रीय (ओडीआई) खिलाड़ियों में से एक माना जाता है, जयसूर्या अपने शक्तिशाली स्ट्राइक और वनडे क्रिकेट में हरफनमौला प्रदर्शन के लिए जाने जाते हैं।",https://en.wikipedia.org/wiki/Sanath_Jayasuriya#/media/File:Sanath_jayasuriya_portrait.jpg,सनथ जयसूर्या
SF60,मुथैया मुरलीधरन,"देशबंधु मुथैया मुरलीधरन एक पूर्व श्रीलंकाई क्रिकेटर हैं, जिन्हें 2002 में विजडन क्रिकेटर्स अलमैनैक द्वारा अब तक का सबसे बड़ा टेस्ट मैच गेंदबाज घोषित किया गया था।",https://en.wikipedia.org/wiki/Muttiah_Muralitharan#/media/File:Photograph_of_Muttiah_Muralitharan.jpg,मुथैया मुरलीधरन
SF61,अर्जुन रणतुंगा,"देशमान्य अर्जुन रणतुंगा श्रीलंका के पूर्व क्रिकेटर और 1996 के क्रिकेट विश्व कप विजेता श्रीलंका के कप्तान हैं। अक्सर कैप्टन कूल के नाम से जाने जाने वाले, उन्हें श्रीलंकाई क्रिकेट को अंडरडॉग की स्थिति से उठाने के लिए अग्रणी माना जाता है। रणतुंगा ने अपने राजनीतिक करियर की शुरुआत 2005 में की थी, और वर्तमान में परिवहन और नागरिक उड्डयन के कैबिनेट मंत्री हैं।",https://en.wikipedia.org/wiki/Arjuna_Ranatunga#/media/File:Arjuna_Ranatunga.jpg,अर्जुन रणतुंगा
SF62,कुमार संगकारा,कुमार संगकारा एक श्रीलंकाई क्रिकेट कमेंटेटर और पूर्व क्रिकेटर और श्रीलंकाई राष्ट्रीय टीम के कप्तान हैं। उन्हें व्यापक रूप से दुनिया के सबसे प्रभावशाली क्रिकेटरों में से एक और सर्वकालिक महान बल्लेबाजों में से एक माना जाता है।,https://en.wikipedia.org/wiki/Kumar_Sangakkara#/media/File:Sangakkara_(portrait).jpg,कुमार संगकारा
SF63,क्लाइव लॉयड,क्लाइव हुबर्ट लॉयड सीबीई एओ वेस्टइंडीज के पूर्व क्रिकेटर हैं। 1971 में उन्हें विजडन क्रिकेटर ऑफ द ईयर नामित किया गया था। उन्होंने 1974 और 1985 के बीच वेस्टइंडीज की कप्तानी की और दबदबे वाला टेस्ट खेलने वाला देश बनने के लिए उसका नेतृत्व किया।,https://en.wikipedia.org/wiki/Clive_Lloyd#/media/File:Clive_Lloyd_at_%27Idea_Champions_Of_The_World%27_press_meet.jpg,क्लाइव लॉयड
SF64,कर्टली एम्ब्रोस,"सर कर्टली एलकन लिनवाल एम्ब्रोस, केसीएन एंटीगुआ के पूर्व क्रिकेटर हैं जिन्होंने वेस्टइंडीज के लिए 98 टेस्ट मैच खेले। एक तेज़ गेंदबाज़, उन्होंने 20.99 की औसत से 405 टेस्ट विकेट लिए और अपने करियर के लिए आईसीसी प्लेयर रैंकिंग में सबसे ऊपर रहे और उन्हें दुनिया का सर्वश्रेष्ठ गेंदबाज माना गया। ",https://en.wikipedia.org/wiki/Curtly_Ambrose#/media/File:Curtly_ambrose2_crop.jpg,कर्टली एम्ब्रोस
SF65,विव रिचर्ड्स,"सर आइजैक विवियन अलेक्जेंडर रिचर्ड्स, केएनएच, ओबीई, जिन्हें विव रिचर्ड्स के नाम से जाना जाता है, एक एंटीगुअन पूर्व क्रिकेटर हैं, जिन्होंने टेस्ट और अंतरराष्ट्रीय स्तर पर वेस्टइंडीज का प्रतिनिधित्व किया। उन्हें सर्वकालिक महान बल्लेबाजों में से एक माना जाता है।",https://en.wikipedia.org/wiki/Viv_Richards#/media/File:Vivian_richards_crop.jpg,विव रिचर्ड्स
SF66,वकार यूनिस,"वकार यूनिस एक पाकिस्तानी ऑस्ट्रेलियाई क्रिकेट कोच, कमेंटेटर और पूर्व क्रिकेटर हैं जिन्होंने पाकिस्तान की राष्ट्रीय क्रिकेट टीम की कप्तानी की। दाएं हाथ के तेज गेंदबाज, वकार को अब तक के सबसे महान गेंदबाजों में से एक माना जाता है। वह पाकिस्तानी क्रिकेट टीम के पूर्व कोच भी हैं।",https://en.wikipedia.org/wiki/Waqar_Younis#/media/File:Waqar_younis.jpg,वकार युनिस
SF67,ब्रायन लारा,"ब्रायन चार्ल्स लारा, टीसी, ओसीसी, एएम एक त्रिनिदादी पूर्व अंतरराष्ट्रीय क्रिकेटर हैं, जिन्हें व्यापक रूप से सभी समय के महानतम बल्लेबाजों में से एक माना जाता है। उन्होंने कई मौकों पर टेस्ट बल्लेबाजी रैंकिंग में शीर्ष स्थान हासिल किया और कई क्रिकेट रिकॉर्ड बनाए।",https://en.wikipedia.org/wiki/Brian_Lara#/media/File:Brian_Lara_at_2012_Mumbai_Marathon_pre_bash.jpg,ब्रायन लारा
SF68,ग्राहम गूच,"ग्राहम एलन गूच, ओबीई, डीएल एक पूर्व अंग्रेजी प्रथम श्रेणी के क्रिकेटर हैं जिन्होंने एसेक्स और इंग्लैंड की कप्तानी की। वह अपनी पीढ़ी के सबसे सफल अंतरराष्ट्रीय बल्लेबाजों में से एक थे, और 1973 से 2000 तक फैले करियर के माध्यम से, वह प्रथम श्रेणी और सीमित ओवरों के खेल में 67,057 रन के साथ, अब तक के सबसे विपुल रन स्कोरर बन गए।",https://en.wikipedia.org/wiki/Graham_Gooch#/media/File:Graham_Gooch_01.jpg,ग्राहम गूच
SF69,आंद्रे रसेल,"आंद्रे ड्वेन रसेल एक जमैका निवासी क्रिकेटर हैं। रसेल अंतरराष्ट्रीय स्तर पर वेस्टइंडीज के लिए और जमैका में वेस्टइंडीज के घरेलू क्रिकेट में एक ऑलराउंडर के रूप में खेलते हैं। वह मुख्य रूप से वेस्टइंडीज के लिए मध्य क्रम में बल्लेबाजी करते हैं। व्यापक रूप से क्रिकेट गेंद के सबसे शक्तिशाली स्ट्राइकरों में से एक के रूप में माना जाता है, रसेल ने 2018 कैरिबियन प्रीमियर लीग में ट्रिनबागो नाइट राइडर्स के खिलाफ रिकॉर्ड 40 गेंदों में शतक बनाया।",https://en.wikipedia.org/wiki/Andre_Russell#/media/File:Andre_Russell_2018_.jpg,आंद्रे रसेल
SF70,ड्वेन ब्रावो,"ड्वेन जॉन ब्रावो एक पूर्व त्रिनिदादी क्रिकेटर हैं, जिन्होंने खेल के सभी प्रारूपों और वेस्ट इंडीज के पूर्व कप्तान को सभी प्रारूपों में खेला और चेन्नई सुपर किंग्स और क्व़ेटा ग्लैडिएटर्स के लिए लीग क्रिकेट खेला। एक वास्तविक ऑलराउंडर, ब्रावो दाएं हाथ से बल्लेबाजी करते हैं और दाएं हाथ की मध्यम तेज गति से गेंदबाजी करते हैं।",https://en.wikipedia.org/wiki/Dwayne_Bravo#/media/File:Dwayne_Bravo_2010.jpg,ड्वेन ब्रावो
SF71,ग्लेन मैक्सवेल,"ग्लेन जेम्स मैक्सवेल एक ऑस्ट्रेलियाई अंतरराष्ट्रीय क्रिकेटर हैं, जो वर्तमान में ऑस्ट्रेलिया के लिए एकदिवसीय और ट्वेंटी 20 क्रिकेट खेलते हैं। उन्होंने ऑस्ट्रेलिया के लिए टेस्ट क्रिकेट भी खेला है। वह ऑस्ट्रेलियाई घरेलू क्रिकेट में विक्टोरिया और मेलबोर्न सितारों और अंग्रेजी काउंटी क्रिकेट में लंकाशायर काउंटी क्रिकेट क्लब का प्रतिनिधित्व करते हैं।",https://en.wikipedia.org/wiki/Glenn_Maxwell#/media/File:Glenn_Maxwell_3.jpg,ग्लेन मैक्सवेल
SF72,मोहित शर्मा,मोहित महिपाल शर्मा (जन्म 18 सितंबर 1988) एक भारतीय क्रिकेटर हैं जो हरियाणा के लिए खेलते हैं। वह  दाहिने हाथ के मध्यम-तेज गेंदबाज हैं।,,
SF73,माइक हसी,"माइकल एडवर्ड किलेन हसी (जन्म 27 मई 1975) को माइक हसी के नाम से भी जाना जाता है, जो एक ऑस्ट्रेलियाई क्रिकेट कोच, कमेंटेटर और पूर्व अंतरराष्ट्रीय क्रिकेटर हैं, जिन्होंने खेल के सभी रूपों को खेला है। हसी को उनके उपनाम 'मिस्टर क्रिकेट' से भी जाना जाता है।",https://en.wikipedia.org/wiki/Michael_Hussey#/media/File:Mike_Hussey_3.jpg,माइक हसी एक प्रशिक्षण सत्र में एन: एडिलेड ओवल
SF74,नाथन एस्टल,"नाथन जॉन एस्टल  एमएनजेडएम (जन्म 15 सितंबर 1971) न्यूजीलैंड के पूर्व क्रिकेटर हैं, जिन्होंने खेल के सभी प्रारूप खेले।",https://en.wikipedia.org/wiki/Nathan_Astle#/media/File:Australia_vs._New_Zealand_(cropped).jpg,ऑस्ट्रेलिया बनाम न्यूजीलैंड
SF75,रॉस टेलर,"लुटेरू रॉस पोउटोआ लोटे टेलर (जन्म 8 मार्च 1984) न्यूजीलैंड के एक क्रिकेटर हैं, जो खेल के सभी प्रारूपों में मुख्य रूप से चौथे नंबर पर खेलते हैं। टेलर को न्यूजीलैंड का प्रतिनिधित्व करने वाले महानतम बल्लेबाजों में से एक माना जाता है।",https://en.wikipedia.org/wiki/Ross_Taylor#/media/File:Ross_Taylor_(6159940521)_(cropped).jpg,"रॉस टेलर, भारत बनाम न्यू जीलैंड एक दिवसीय अंतरराष्ट्रीय, 10 दिसंबर 2010"
SF76,डेविड गॉवर,"डेविड इवन गॉवर ओबीई (जन्म 1 अप्रैल 1957) एक ब्रिटिश क्रिकेट कमेंटेटर और पूर्व क्रिकेटर हैं, जो 1980 के दशक के दौरान इंग्लैंड क्रिकेट टीम के कप्तान थे। अपने युग के सबसे स्टाइलिश बाएं हाथ के बल्लेबाजों में से एक के रूप में वर्णित, गॉवर ने 117 टेस्ट मैच और 114 एक दिवसीय अंतरराष्ट्रीय मैच खेले।",https://en.wikipedia.org/wiki/David_Gower#/media/File:David_Gower.jpg,"सिडनी क्रिकेट ग्राउंड, ऑस्ट्रेलिया में,2007 ईस्वी।"
SF77,रोजर बिन्नी,रोजर माइकल हम्फ्रे बिन्नी (जन्म 19 जुलाई 1955) एक भारतीय पूर्व क्रिकेटर हैं। उन्होंने भारत के लिए 27 टेस्ट और 72 वनडे खेले।,https://en.wikipedia.org/wiki/Roger_Binny#/media/File:Roger_Binny_2018.jpg,"रोजर बिन्नी 2018 में ब्रिटिश लाइब्रेरी, बैंगलोर में"
SF78,गॉर्डन ग्रीनिज,"कथबर्ट गॉर्डन ग्रीनिज एमबीई (जन्म 1 मई 1951) बारबेडियन पूर्व प्रथम श्रेणी क्रिकेटर हैं, जिन्होंने वेस्ट इंडीज के लिए 17 साल तक टेस्ट और एक दिवसीय अंतरराष्ट्रीय मैच खेले।",N/A,लागू नहीं
SF79,माइक हेंड्रिक,"माइकल हेंड्रिक (जन्म 22 अक्टूबर 1948) एक पूर्व अंग्रेजी क्रिकेटर हैं, जो 1973 से 1981 तक इंग्लैंड के लिए तीस टेस्ट और बीस दो वनडे खेले। वह 1969 से 1981 तक डर्बीशायर और 1982 से 1984 तक नॉटिंघमशायर के लिए खेले।",N/A,लागू नहीं
SF80,ग्लेन टर्नर,ग्लेन मैटलैंड टर्नर (जन्म 26 मई 1947) न्यूजीलैंड के लिए क्रिकेट खेलते थे और देश के सर्वश्रेष्ठ और सबसे शानदार बल्लेबाजों में से एक थे। वह न्यूजीलैंड क्रिकेट चयन पैनल के वर्तमान प्रमुख हैं।,N/A,लागू नहीं
SF81,गैरी गिल्मर,"गैरी ""गस"" जॉन गिल्मर (26 जून 1951 - 10 जून 2014) एक ऑस्ट्रेलियाई क्रिकेटर थे, जिन्होंने 1973 और 1977 के बीच 15 टेस्ट और 5 एक दिवसीय अंतरराष्ट्रीय (एकदिवसीय) खेले।",N/A,लागू नहीं
SF82,एंड्रयू फ्लिंटॉफ,"एंड्रयू ""फ्रेडी"" फ्लिंटॉफ एमबीई (जन्म 6 दिसंबर 1977) एक अंग्रेजी प्रस्तुतकर्ता और पूर्व अंतरराष्ट्रीय क्रिकेटर हैं। मुख्य रूप से लंकाशायर के लिए खेलते हुए, फ्लिंटॉफ ने सभी प्रकार के खेल खेले और एक तेज गेंदबाज, मध्य क्रम के बल्लेबाज और स्लिप फील्डर के रूप में खेल के प्रमुख ऑलराउंडर थे।",https://en.wikipedia.org/wiki/Andrew_Flintoff#/media/File:Andrew_Flintoff.jpg,एडिलेड ओवल में प्रशिक्षण के बाद एंड्रयू फ्लिंटॉफ
SF83,जो रूट,जोसेफ एडवर्ड रूट (जन्म 30 दिसंबर 1990) एक अंग्रेजी अंतरराष्ट्रीय क्रिकेटर हैं जो इंग्लैंड टेस्ट टीम के वर्तमान कप्तान हैं। वह घरेलू रूप से यॉर्कशायर का भी प्रतिनिधित्व करते हैं। उन्हें अक्सर दुनिया के सर्वश्रेष्ठ बल्लेबाजों में से एक माना जाता है।,https://en.wikipedia.org/wiki/Joe_Root#/media/File:Joe_root_training.jpg,ऑस्ट्रेलिया में प्रशिक्षण में जो रूट
SF84,केविन पीटरसन,"केविन पीटर पीटरसन एमबीई (जन्म 27 जून 1980) एक पूर्व अंग्रेजी क्रिकेटर हैं। वह दाएं हाथ के बल्लेबाज हैं और कभी-कभार ऑफ स्पिन गेंदबाज हैं, जो 2005 से 2014 के बीच इंग्लैंड के लिए तीनों प्रारूपों में खेले।",https://en.wikipedia.org/wiki/Kevin_Pietersen#/media/File:Kevin_Pietersen_2014.jpg,2014 में केविन पीटरसन
SF86,काइल मिल्स,काइल डेविड मिल्स (जन्म 15 मार्च 1979) न्यूजीलैंड के पूर्व अंतरराष्ट्रीय क्रिकेटर हैं जिन्होंने सीमित ओवरों के मैचों में न्यूजीलैंड क्रिकेट टीम की कप्तानी की। मिल्स ने 1998 और 2015 के बीच एक ऑलराउंडर के रूप में शीर्ष श्रेणी क्रिकेट खेला।,https://en.wikipedia.org/wiki/Kyle_Mills#/media/File:Kyle_Mills.JPG,काइल मिल्स
SF87,एंड्रयू टाई,एंड्रयू जेम्स टाय (जन्म 12 दिसंबर 1986) एक ऑस्ट्रेलियाई क्रिकेटर हैं जो ऑस्ट्रेलियाई राष्ट्रीय क्रिकेट टीम के लिए वन डे इंटरनेशनल (ओडीआई) और ट्वेंटी 20 अंतरराष्ट्रीय (टी20) खेलते हैं। वह पोर गेंद के उपयोग और गति की व्यापक विविधता के लिए सबसे ज्यादा प्रसिद्ध हैं।,"https://en.wikipedia.org/wiki/Andrew_Tye#/media/File:2018.02.03.20.38.56-AUSvNZL_T20_NZL_innings,_SCG-0001_(38618205890)_(Tye_cropped).jpg",एंड्रयू टाई
SF88,सुरेश रैना,"सुरेश कुमार रैना (जन्म 27 नवंबर 1986) एक भारतीय अंतरराष्ट्रीय क्रिकेटर हैं। एक  बाएं हाथ के मध्य क्रम के आक्रामक बल्लेबाज और एक सामयिक ऑफ-स्पिन गेंदबाज, उन्हें विश्व क्रिकेट में सर्वश्रेष्ठ क्षेत्ररक्षकों में से एक माना जाता है।",https://en.wikipedia.org/wiki/Suresh_Raina#/media/File:Suresh_Raina1.jpg,भारतीय क्रिकेटर सुरेश रैना
SF89,स्टीव स्मिथ,"स्टीवन पीटर डेवर्क्स स्मिथ (जन्म 2 जून 1989) एक ऑस्ट्रेलियाई  अंतरराष्ट्रीय क्रिकेटर और ऑस्ट्रेलियाई राष्ट्रीय टीम के पूर्व कप्तान हैं। 30 दिसंबर 2017 को, वह 947 की टेस्ट बल्लेबाजी रेटिंग तक पहुंच गए, जो अब तक का दूसरी सर्वोच्च रेटिंग थी। ","https://en.wikipedia.org/wiki/Steve_Smith_(cricketer)#/media/File:Steve_Smith_(cricketer),_2014_(cropped).jpg",स्टीव स्मिथ
SF90,रविचंद्रन अश्विन,"रविचंद्रन अश्विन (इस इसके उच्चारण के बारे में (मदद · जानकारी) के बारे में; जन्म 17 सितंबर 1986) एक भारतीय अंतरराष्ट्रीय क्रिकेटर हैं। एक गेंदबाज जो दाएं हाथ से बल्लेबाजी करता है और दाएं हाथ से ऑफ-ब्रेक गेंदबाजी  करता है, अश्विन घरेलू क्रिकेट में तमिलनाडु के लिए खेलते हैं और इंडियन प्रीमियर लीग में किंग्स इलेवन पंजाब की कप्तानी करते हैं।",https://en.wikipedia.org/wiki/Ravichandran_Ashwin#/media/File:Ravichandran_Ashwin_(cropped).jpg,रविचंद्रन अश्विन को 2014 CEAT क्रिकेट रेटिंग अवार्ड में वीवीएस लक्ष्मण से पुरस्कार मिला। 
SF91,पृथ्वी शॉ,पृथ्वी पंकज शॉ (जन्म 9 नवंबर 1999) एक भारतीय क्रिकेटर और भारत के पूर्व अंडर -19 क्रिकेट टीम के कप्तान हैं।,no image available,
SF92,ऋषभ पंत,"ऋषभ राजेंद्र पंत (जन्म 4 अक्टूबर 1997) एक पेशेवर भारतीय क्रिकेटर हैं जो भारत, दिल्ली और दिल्ली कैपिटल्स के लिए खेलते हैं। दिसंबर 2015 में, उन्हें 2016 अंडर -19 क्रिकेट विश्व कप के लिए भारत की टीम में नामित किया गया था।",no image available,
SF93,श्रेयस अय्यर,"श्रेयस संतोष अय्यर (जन्म 6 दिसंबर 1994) एक भारतीय क्रिकेटर हैं जो वर्तमान में इंडियन प्रीमियर लीग में दिल्ली कैपिटल्स की कप्तानी कर रहे हैं। दाएं हाथ के शीर्ष क्रम के बल्लेबाज, अय्यर ने भारत की राष्ट्रीय क्रिकेट टीम के लिए एक दिवसीय अंतरराष्ट्रीय और ट्वेंटी 20 अंतरराष्ट्रीय मैच खेले हैं।",no image available,
SF94,बोगरा,"बोगरा, जिसे आधिकारिक तौर पर बोगुरा के रूप में जाना जाता है, बोगरा जिला, राजशाही डिवीजन, बांग्लादेश में स्थित एक प्रमुख शहर है। यह प्रमुख वाणिज्यिक केंद्र है। बोगरा 1279 से 1282 तक बंगाल के राज्यपाल नसीरुद्दीन बुघरा खान के नाम पर है।",https://en.wikipedia.org/wiki/Bogra#/media/File:Bogra_Sathmatha.jpg,बोगरा शतमथ (बोगरा का हृदय स्थल)
SF95,गाले,"गाले (पूर्व में प्वाइंट डी गेल) श्रीलंका का एक प्रमुख शहर है, जो दक्षिण-पश्चिमी छोर पर स्थित है, जो कोलंबो से 119 किमी दूर है। पुर्तगाली दक्षिण और दक्षिण पूर्व एशिया में पुर्तगालियों द्वारा बनाए गए किलेबंद शहर का सबसे अच्छा उदाहरण है, जो पुर्तगालियों की स्थापत्य शैली और देशी परंपराओं के बीच परस्पर अंतःक्रिया को दर्शाता है।",https://en.wikipedia.org/wiki/Galle#/media/File:GalleLighthouse.JPG,गैल किले में प्रकाशस्तंभ
SF96,नांगरहार,"नांगरहार जिसे नंग्राहार या निंगरहार भी कहा जाता है, अफगानिस्तान के 34 प्रांतों में से एक है, जो देश के पूर्वी हिस्से में स्थित है। यह बाईस जिलों में विभाजित है और इसकी आबादी लगभग 1,436,000 है। ",https://en.wikipedia.org/wiki/Nangarhar_Province#/media/File:Branches_of_the_Kunar_River_meet_in_Nangarhar_Province.jpg,कुंअर नदी की शाखाएँ नांगरहार में काबुल नदी से मिलती हैं
SF97,सियालकोट,"सियालकोट पंजाब, पाकिस्तान का एक शहर है। यह उत्तर-पूर्व पंजाब में स्थित है - पाकिस्तान के सबसे अधिक औद्योगिक क्षेत्रों में से एक।",https://en.wikipedia.org/wiki/Sialkot#/media/File:Jagannath_Hindu_Temple_Sialkot.jpg,सियालकोट में जगन्नाथ मंदिर हिंदू भगवान जगन्नाथ को समर्पित है।
SF98,अयोध्या,"अयोध्या उत्तर प्रदेश के फैजाबाद जिले में स्थित एक शहर है। इस शहर की पहचान अयोध्या के पौराणिक शहर से की जाती है, और इस तरह, राम की जन्मभूमि और महाकाव्य रामायण का स्थल है।",https://en.wikipedia.org/wiki/Ayodhya#/media/File:Kanak_Bhawan.jpg,'कनक भवन' भगवान राम और उनकी दिव्य पत्नी गीता को समर्पित अयोध्या में सबसे महत्वपूर्ण मंदिरों में से एक है।
SF99,जोहानसबर्ग,"जोहान्सबर्ग (जोज़ी, जो'बर्ग और ईगोली के रूप में भी जाना जाता है) दक्षिण अफ्रीका का सबसे बड़ा शहर और दुनिया के 50 सबसे बड़े शहरी क्षेत्रों में से एक है।",https://en.wikipedia.org/wiki/Johannesburg#/media/File:Johannesburg_view_topofCC_03.jpg,जोहान्सबर्ग सेंट्रल बिजनेस डिस्ट्रिक्ट
SF100,वेस्टइंडीज क्रिकेट टीम,"वेस्टइंडीज क्रिकेट टीम, जिसे परंपरागत रूप से विंडीज (जून 2017 में आधिकारिक बन गया एक उपनाम) के रूप में जाना जाता है, एक बहु-राष्ट्रीय क्रिकेट टीम है जो एंग्लोफोन कैरेबियन क्षेत्र का प्रतिनिधित्व करती है।",https://en.wikipedia.org/wiki/West_Indies_cricket_team#/media/File:West_indies_cricket_board_flag.png,वेस्टइंडीज क्रिकेट बोर्ड का झंडा