Timestamp,Wikipedia Link,Header Image Link,Article Code,Wikipedia Link,Name of Team,Team Code,Short Summary of Team,Location,Location article code,Established On,Association,Test Captain name,Test Captain image link,Test Captain article code,ODI Captain name,ODI Captain image link,ODI Captain article code,T20I Captain name,T20I Captain image link,T20I Captain article code,Coach Name,Coach image link,Coach article code,Venue Name,Venue Description,Venue Image Link,History Phase 1 Title,History Phase 1 Dates,History Phase 1 brief description,History Phase 1 Card 1 Title,History Phase 1 Card 1 URL,History Phase 1 Card 1 brief description,History Phase 1 Card 1 article code,History Phase 1 Card 2 Title,History Phase 1 Card 2 URL,History Phase 1 Card 2 brief description,History Phase 1 Card 2 article code,History Phase 1 Card 3 Title,History Phase 1 Card 3 URL,History Phase 1 Card 3 brief description,History Phase 1 Card 3 article code,History Phase 2 Title,History Phase 2 Dates,History Phase 2 brief description,History Phase 2 Card 1 Title,History Phase 2 Card 1 URL,History Phase 2 Card 1 brief description,History Phase 2 Card 1 article code,History Phase 2 Card 2 Title,History Phase 2 Card 2 URL,History Phase 2 Card 2 brief description,History Phase 2 Card 2 article code,History Phase 2 Card 3 Title,History Phase 2 Card 3 URL,History Phase 2 Card 3 brief description,History Phase 2 Card 3 article code,History Phase 3 Title,History Phase 3 Dates,History Phase 3 brief description,History Phase 3 Card 1 Title,History Phase 3 Card 1 URL,History Phase 3 Card 1 brief description,History Phase 3 Card 1 article code,History Phase 3 Card 2 Title,History Phase 3 Card 2 URL,History Phase 3 Card 2 brief description,History Phase 3 Card 2 article code,History Phase 3 Card 3 Title,History Phase 3 Card 3 URL,History Phase 3 Card 3 brief description,History Phase 3 Card 3 article code,History Phase 4 Title,History Phase 4 Dates,History Phase 4 brief description,History Phase 4 Card 1 Title,History Phase 4 Card 1 URL,History Phase 4 Card 1 brief description,History Phase 4 Card 1 article code,History Phase 4 Card 2 Title,History Phase 4 Card 2 URL,History Phase 4 Card 2 brief description,History Phase 4 Card 2 article code,History Phase 4 Card 3 Title,History Phase 4 Card 3 URL,History Phase 4 Card 3 brief description,History Phase 4 Card 3 article code,Player 1 Name,Player 1 Description,Player 1 Image URL,Player 2 Name,Player 2 Description,Player 2 Image URL,Player 3 Name,Player 3 Description,Player 3 Image URL,Player 4 Name,Player 4 Description,Player 4 Image URL,Achievement 1 Title,Achievement 1 Description,Achievement 1 Card Title,Achievement 1 Card Code,Achievement 2 Title,Achievement 2 Description,Achievement 2 Card Title,Achievement 2 Card Code,Achievement 3 Title,Achievement 3 Description,Achievement 3 Card Title,Achievement 3 Card Code,Achievement 4 Title,Achievement 4 Description,Achievement 4 Card Title,Achievement 4 Card Code,Achievement 1 Card URL,Achievement 2 Card URL,Achievement 3 Card URL,Achievement 4 Card URL,Sponsor Type 1 ,Sponsor  Type 1 name,Sponsor Type 1 Image URL,Sponsor Type 2,Sponsor Type 2 Name,Sponsor Type 2 Image URL,Sponsor Type 3,Sponsor Type 3 Name,Sponsor Type 3 Image URL,Sponsor Type 4,Sponsor Type 4 Name,Sponsor Type 4 Image URL
07/05/2019 11:49:34,https://en.wikipedia.org/wiki/India_national_cricket_team,https://en.wikipedia.org/wiki/Board_of_Control_for_Cricket_in_India#/media/File:Cricket_India_Crest.svg,R1,https://en.wikipedia.org/wiki/India_national_cricket_team,India national cricket team,R1,"The India national cricket team is also known as Team India and Men in Blue. India is ranked first in Tests, second in ODIs and second in T20Is by the ICC. Virat Kohli is the current captain of the team, while the head coach is Ravi Shastri.",India,G3,1926,Board of Control for Cricket in India,Virat Kohli,https://en.wikipedia.org/wiki/Virat_Kohli#/media/File:Virat..Kohli.jpg,O1,Rohit Sharma,https://en.wikipedia.org/wiki/Rohit_Sharma#/media/File:Rohit_Sharma_November_2016_(cropped).jpg,O3,Rohit Sharma,https://en.wikipedia.org/wiki/Rohit_Sharma#/media/File:Rohit_Sharma_November_2016_(cropped).jpg,O3,Ravi Shastri,https://en.wikipedia.org/wiki/Ravi_Shastri#/media/File:RaviShastri.jpg,O21,Wankhede Stadium,"The Wankhede Stadium in Mumbai has been host to numerous high-profile cricket matches in the past, most notable being the 2011 Cricket World Cup Final, in which India defeated Sri Lanka by 6 wickets. The stadium witnessed the last match of Sachin Tendulkar's international career.",https://en.wikipedia.org/wiki/Wankhede_Stadium#/media/File:Wankhede_ICC_WCF.jpg,Advent of ODI cricket ,1971 - 1983,"The advent of One Day International (ODI) cricket in 1971 created a new dimension in the cricket world. India began as a weak team in ODIs and did not qualify for the second round in the first two editions of the Cricket World Cup.

However, under the captaincy of Kapil Dev, India won the Cricket World Cup in 1983, defeating the favourites and the two-time defending champions West Indies in the final at Lords, owing to a strong bowling performance.",1983 World Cup,https://en.wikipedia.org/wiki/1983_Cricket_World_Cup#/media/File:Prudential_Cup_83_logo.svg,The 1983 Cricket World Cup (officially the Prudential Cup '83) was the 3rd edition of the Cricket World Cup tournament. It was held in England and Wales and was won by India. ,P2,Kapil Dev,https://en.wikipedia.org/wiki/Kapil_Dev#/media/File:Kapil_Dev_at_Equation_sports_auction.jpg,"Kapil Dev captained the Indian cricket team that won the 1983 Cricket World Cup. He was named by Wisden as the Indian Cricketer of the Century in 2002.

",O6,,,,,Late 20th Century,1983-2000 ,"India and Pakistan jointly hosted the 1987 World Cup, the first time that the competition was held outside England. They again jointly hosted the 1996 World Cup with Sri Lanka. Sachin Tendulkar and Anil Kumble joined the national side in 1989 and 1990 and further improved the team. However, the team was damaged in 2000 when Mohammed Azharuddin and Ajay Jadeja were implicated in match fixing and given bans. ",1987 World Cup,https://en.wikipedia.org/wiki/1987_Cricket_World_Cup#/media/File:1987_world_cup_logo.png,The 1987 World Cup was jointly hosted by both India and Pakistan and was won by Australia,P16,1992 World Cup ,https://en.wikipedia.org/wiki/1992_Cricket_World_Cup#/media/File:World_Cup_1992_logo.svg,The 1992 World Cup was held in Australia and New Zealand and was won by Pakistan for the first time ,P17,1996 World Cup,https://en.wikipedia.org/wiki/1996_Cricket_World_Cup#/media/File:Wills_World_Cup_1996.svg,"The 1996 World Cup was the second World Cup to be hosted by Pakistan and India, and for the first time by Sri Lanka. The tournament was won by Sri Lanka for the first time.",P3,Improvement in 2000s,2000-2007,"Since 2000, the Indian team underwent major improvements under the captaincy of Sourav Ganguly and guidance of John Wright, India's first foreign coach. It made it to the final of the 2003 World Cup, but failed to advance past the group stage of the 2007 World Cup.",2003 World Cup,https://en.wikipedia.org/wiki/2003_Cricket_World_Cup#/media/File:Cricket_World_Cup_Logo_2003.svg,The 2003 World Cup was the first to be hosted in Africa. It was won by Australia.,P5,2007 World Cup,https://en.wikipedia.org/wiki/2007_Cricket_World_Cup#/media/File:2007_Cricket_World_Cup_logo.svg,The 2007 World Cup was hosted by West Indies. It was won by Australia,P6,,,,,Success under Dhoni,2007 - Present,"Dravid stepped down as the captain of the team, following which Dhoni was made the captain of the Twenty20 and ODI team. In September 2007, India won the first-ever Twenty20 World Cup. India went on to win the 2011 Cricket World Cup. India then won the 2013 Champions trophy, thus making Dhoni the first captain in history to win the three major ICC trophies. ",ICC T20 World Cup,https://en.wikipedia.org/wiki/ICC_T20_World_Cup#/media/File:ICC_World_Twenty20_Trophy.jpg,The first ICC T20 World Cup was hosted by South Africa and won by India,P9,2011 World Cup,https://en.wikipedia.org/wiki/2011_Cricket_World_Cup#/media/File:2011_Cricket_World_Cup_Logo.svg,"The 2011 World Cup was hosted by India, Sri Lanka and for the first time Bangladesh. It was won by India",P7,ICC Champions Trophy,https://en.wikipedia.org/wiki/ICC_Champions_Trophy#/media/File:ICC_Champions_Trophy_cricket_logo.png,"England and Wales hosted the 2013 Champions Trophy, which was won by India ",P10,Anil Kumble,"With 619 wickets, Anil Kumble is the world's third highest wicket-taker in Tests and India's highest Test and ODI wicket-taker.",https://en.wikipedia.org/wiki/India_national_cricket_team#/media/File:Kumble_edited.jpg,Sachin Tendulkar,Sachin Tendulkar celebrates his 38th Test century during a match against Australia in 2008. Tendulkar holds multiple world records. ,https://en.wikipedia.org/wiki/Sachin_Tendulkar#/media/File:Sachin_Tendulkar_at_MRF_Promotion_Event.jpg,,,,,,,Triple Achievement ,"In 2013, MS Dhoni became the first captain in history to win all three major ICC trophies- ICC Cricket World Cup in 2011, ICC World Twenty20 in 2007 and ICC Champions Trophy in 2013.",MS Dhoni,O2,Sons of the soil,"In the 2011 Cricket World Cup, India beat Sri Lanka in the finals thus becoming the first country to win the Cricket World Cup final on home soil",ICC Cricket World Cup ,P1,,,,,,,,,https://en.wikipedia.org/wiki/MS_Dhoni#/media/File:Mahendra_Singh_Dhoni_January_2016_(cropped).jpg,https://en.wikipedia.org/wiki/Cricket_World_Cup#/media/File:Icc_cricket_world_cup_trophy.jpg,,,Kit manufacturer,Nike,"https://en.wikipedia.org/wiki/Nike,_Inc.#/media/File:Logo_NIKE.svg",Shirt Sponsor,Oppo,https://en.wikipedia.org/wiki/Oppo#/media/File:OPPO_LOGO_2019.png,,,,,,
07/05/2019 12:49:34,https://en.wikipedia.org/wiki/Mumbai_Indians,https://en.wikipedia.org/wiki/Mumbai_Indians#/media/File:Mumbai_Indians_Logo.svg,R7,https://en.wikipedia.org/wiki/Mumbai_Indians,Mumbai Indians,R7,"The Mumbai Indians are a franchise cricket team based in the city of Mumbai, Maharashtra. Founded in 2008, Mumbai Indians play in the Indian Premier League (IPL). The team is owned by India's biggest conglomerate, Reliance Industries.",Mumbai,G2,2008,Indian Premier League,,,,,,,Rohit Sharma,https://en.wikipedia.org/wiki/Rohit_Sharma#/media/File:Rohit_Sharma_November_2016_(cropped).jpg,O3,Mahela Jayawardene,https://en.wikipedia.org/wiki/Mahela_Jayawardene#/media/File:Mahela_Jayawardene_3.JPG,,Wankhede Stadium,"The Wankhede Stadium in Mumbai has been host to numerous high-profile cricket matches in the past, most notable being the 2011 Cricket World Cup Final, in which India defeated Sri Lanka by 6 wickets. The stadium witnessed the last match of Sachin Tendulkar's international career.",https://en.wikipedia.org/wiki/Wankhede_Stadium#/media/File:Wankhede_ICC_WCF.jpg,Struggle in the initial seasons,2008 - 2009,"In 2008, they finished 5th on the points table. In 2009, they finished 7th.",IPL 2008,https://en.wikipedia.org/wiki/Indian_Premier_League#/media/File:Indian_Premier_League_Logo.png,The 2008 season was the inaugural season of the Indian Premier League. It was won by Rajasthan Royals.,P19,IPL 2009,https://en.wikipedia.org/wiki/Indian_Premier_League#/media/File:Indian_Premier_League_Logo.png,The 2009 season was hosted by South Africa and was won by Deccan Chargers,P20,,,,,Rise as a strong team,2010 - 2012,"In the 2010 season, they reached the finals for the first time, losing to Chennai Super Kings. In the 2011 season, they made it to the semifinals, and then beat Bangalore to win the  2011 Champions League Twenty20 held in India. They then finished 3rd on the points table in the 2012 season",IPL 2010,https://en.wikipedia.org/wiki/Indian_Premier_League#/media/File:Indian_Premier_League_Logo.png,The 2010 season was won by Chennai Super Kings,P12,IPL 2011,https://en.wikipedia.org/wiki/Indian_Premier_League#/media/File:Indian_Premier_League_Logo.png,The 2011 season was won by the Chennai Super Kings for the second successive season.,P13,IPL 2012,https://en.wikipedia.org/wiki/Indian_Premier_League#/media/File:Indian_Premier_League_Logo.png,The 2012 season was won by Kolkata Knight Riders who beat defending champions Chennai in the finals,P21,The IPL and CLT20 Double,2013,"Rohit Sharma took lead of the team. Having the experienced advice of Anil Kumble, Jonty Rhodes and Sachin Tendulkar, the team emerged victorious over Chennai Super Kings in the final. They continued their winning streak in the Champions League, beating Perth Scorchers by 33 runs to clinch the title ",IPL 2013,https://en.wikipedia.org/wiki/Indian_Premier_League#/media/File:Indian_Premier_League_Logo.png,The 2013 season was won by Mumbai Indians ,P22,Rohit Sharma ,https://en.wikipedia.org/wiki/Rohit_Sharma#/media/File:Rohit_Sharma_November_2016_(cropped).jpg,Rohit Sharma was installed as captain,O3,,,,,Record Setting stint,2014 - Present,"In the 2014 season, Mumbai Indians reached the play-offs but lost against the Chennai Super Kings in the eliminator.

In the 2015 season, they defeated Chennai Super Kings by 41 runs to clinch their second IPL title.

In the 2016 season, they finished 5th.

In the 2017 season, they beat Rising Pune Supergiant in a nail-biting finish which is often hailed as the best IPL match and IPL final till date.

In the 2018 season, they finished at 5th spot again.",IPL 2014,https://en.wikipedia.org/wiki/Indian_Premier_League#/media/File:Indian_Premier_League_Logo.png,The 2014 season was hosted by India and UAE. Kolkata Knight Riders were the champions,P23,IPL 2015,https://en.wikipedia.org/wiki/Indian_Premier_League#/media/File:Indian_Premier_League_Logo.png,The 2015 season was won by Mumbai Indians.,P24,IPL 2017,https://en.wikipedia.org/wiki/Indian_Premier_League#/media/File:Indian_Premier_League_Logo.png,The 2017 season was won by Mumbai Indians,P15,Sachin Tendulkar,Sachin Tendulkar was named Mumbai's icon player and was captain of the team until the 2012 season,https://en.wikipedia.org/wiki/Sachin_Tendulkar#/media/File:Sachin_Tendulkar_at_MRF_Promotion_Event.jpg,Rohit Sharma,Rohit Sharma became the captain of Mumbai Indians in 2013 and has since led them to three IPL titles.,https://en.wikipedia.org/wiki/Rohit_Sharma#/media/File:Rohit_Sharma_November_2016_(cropped).jpg,Lasith Malinga,Lasith Malinga of Mumbai Indians is the leading wicket-taker in IPL with 150 wickets since its inception.,https://en.wikipedia.org/wiki/Mumbai_Indians#/media/File:Lasith_Malinga_signing.jpg,,,,Triple Trouble,"After winning the 2017 season,  Mumbai Indians became the most successful team in the history of IPL with 3 IPL titles. While playing the tournament, they also won their 100th T20, becoming the first IPL team to do so.",IPL 2017,P15,,,,,,,,,,,,,https://en.wikipedia.org/wiki/Indian_Premier_League#/media/File:Indian_Premier_League_Logo.png,,,,Kit manufacturer,Performax,https://en.wikipedia.org/wiki/Performax#/media/File:Performax_Logo.jpg,Shirt Sponsor,Samsung,https://en.wikipedia.org/wiki/Samsung#/media/File:Samsung_wordmark.svg,,,,,,
08/05/2019 09:19:45,https://en.wikipedia.org/wiki/Chennai_Super_Kings,https://en.wikipedia.org/wiki/Chennai_Super_Kings#/media/File:Chennai_Super_Kings_Logo.svg,R5,https://en.wikipedia.org/wiki/Chennai_Super_Kings,Chennai Super Kings,R5,"Founded in 2008, The Chennai Super Kings (CSK) is an Indian franchise cricket team based in Chennai, Tamil Nadu, which plays in the Indian Premier League (IPL).",Chennai,G11,2008,Indian Premier League,,,,,,,MS Dhoni,https://en.wikipedia.org/wiki/MS_Dhoni#/media/File:Mahendra_Singh_Dhoni_January_2016_(cropped).jpg,O2,Stephen Fleming,https://en.wikipedia.org/wiki/Stephen_Fleming#/media/File:Stephen_Fleming_slip.jpg,O22,M. A. Chidambaram Stadium,M.A.Chidambaram Stadium (Tamil: மு. அ. சிதம்பரம் மைதானம்) is a cricket stadium in Chennai. The stadium was established in 1916 and it is the third oldest cricket stadium in India,https://en.wikipedia.org/wiki/M._A._Chidambaram_Stadium#/media/File:Ma_ChidambaramStadium_panaroma.jpg,First Seasons,2008-2009,"During the first player auctions for the inaugural IPL season conducted in January 2008, the Chennai franchise bought a number of contemporary star cricketers such as Mahendra Singh Dhoni, Matthew Hayden, Stephen Fleming, Muttiah Muralitharan and Michael Hussey. In the 2008 season, they made it to the finals, losing to Rajasthan Royals. In the 2009 season, they were knocked out in the semifinals",IPL 2008,https://en.wikipedia.org/wiki/Indian_Premier_League#/media/File:Indian_Premier_League_Logo.png,The 2008 season was the inaugural season of the Indian Premier League. It was won by Rajasthan Royals.,P19,IPL 2009,https://en.wikipedia.org/wiki/Indian_Premier_League#/media/File:Indian_Premier_League_Logo.png,The 2009 season was hosted by South Africa and was won by Deccan Chargers,P20,,,,,IPL and CLT20 double,2010,"Chennai secured their first ever IPL title, beating Mumbai Indians in the final by 22 runs. They then defeated the Chevrolet Warriors at the final of the CLT20 tournament in Johannesburg to become the first IPL team to win the CLT20.  ",IPL 2010,https://en.wikipedia.org/wiki/Indian_Premier_League#/media/File:Indian_Premier_League_Logo.png,The 2010 season was won by Chennai Super Kings,P12,,,,,,,,,Victory then decline,2011-2015,"In the 2011 season, Chennai won all their home games that season becoming the first team in IPL to achieve the feat. They then defeated Royal Challengers Bangalore in the final to win their second consecutive title in the IPL.

In the 2012 season, they were defeated by Kolkata Knight Riders in the final, and were denied a hat trick of titles.

In the 2013 season, they were defeated by Rajasthan Royals in the semi finals.

In the 2014 season, they crashed out of the IPL, but, on account of finishing third, qualified for the main event of the 2014 CLT20 tournament and defeated IPL champions Kolkata Knight Riders in the finals to receive their second CLT20 title.

In the 2015 season, they lost against Mumbai in the final. ",IPL 2011,https://en.wikipedia.org/wiki/Indian_Premier_League#/media/File:Indian_Premier_League_Logo.png,The 2011 season was won by the Chennai Super Kings for the second successive season.,P13,IPL 2014,https://en.wikipedia.org/wiki/Indian_Premier_League#/media/File:Indian_Premier_League_Logo.png,The 2014 season was hosted by India and UAE. Kolkata Knight Riders were the champions,P23,IPL 2015,https://en.wikipedia.org/wiki/Indian_Premier_League#/media/File:Indian_Premier_League_Logo.png,The 2015 season was won by Mumbai Indians.,P24,A Triumphant Comeback!,2018 - present,"After serving a two-year suspension from the IPL starting July 2015 for the alleged involvement of their owners in the 2013 IPL betting case, the Super Kings returned to the league in 2018, winning the championship in the comeback season, its third overall.",IPL 2018,https://en.wikipedia.org/wiki/Indian_Premier_League#/media/File:Indian_Premier_League_Logo.png,The 2018 IPL Season was won by Chennai Super Kings.,,,,,,,,,,Suresh Raina,Suresh Raina is the leading run-scorer for the Super Kings,https://en.wikipedia.org/wiki/Chennai_Super_Kings#/media/File:Suresh_Raina1.jpg,MS Dhoni,Mahendra Singh Dhoni is the first Indian captain to win the IPL.,https://en.wikipedia.org/wiki/Chennai_Super_Kings#/media/File:Dhoni_at_Reebok_event.jpg,,,,,,,Triple trouble!,"The Super Kings have lifted the IPL title thrice (in 2010, 2011 and 2018) and are tied with Mumbai Indians for the most number of tournament wins in the IPL",Mumbai Indians,R7,,,,,,,,,,,,,https://en.wikipedia.org/wiki/Mumbai_Indians#/media/File:Mumbai_Indians_Logo.svg,,,,Kit manufacturer,SEVEN,https://en.wikipedia.org/wiki/SEVEN_(brand)#/media/File:Logo_of_seven_brand.png,Shirt sponsor,Muthoot Group,https://yt3.ggpht.com/a/AGF-l7_o3-n-DIyW9gMm2KUaPdE_jSM4lWChd_94yQ=s900-mo-c-c0xffffffff-rj-k-no,,,,,,
08/05/2019 11:11:16,https://en.wikipedia.org/wiki/Royal_Challengers_Bangalore,https://en.wikipedia.org/wiki/Royal_Challengers_Bangalore#/media/File:Royal_Challengers_Bangalore_Logo_2016.svg,R6,https://en.wikipedia.org/wiki/Royal_Challengers_Bangalore,Royal Challengers Bangalore,R6,"The Royal Challengers Bangalore are a franchise cricket team based in Bangalore, Karnataka, that plays in the Indian Premier League (IPL)",Bangalore,G1,2008,Indian Premier League,,,,,,,Virat Kohli,https://en.wikipedia.org/wiki/Virat_Kohli#/media/File:Virat..Kohli.jpg,,Gary Kirsten,https://en.wikipedia.org/wiki/Gary_Kirsten#/media/File:GaryKirsten.jpg,,M. Chinnaswamy Stadium,This four decade old stadium is situated in the heart of the city of Bengaluru,https://en.wikipedia.org/wiki/M._Chinnaswamy_Stadium#/media/File:Chinnaswamy_Stadium_MI_vs_RCB.jpg,Initial seasons,2008-2010,"The team won only 4 of the 14 matches in the inaugural season, finishing seventh in the eight-team table.

In the 2009 season, they were able to reach the finals, losing to Deccan Chargers by six runs in a tense finish.

In the 2010 season,  the Royal Challengers were defeated by the table-toppers Mumbai Indians by 35 runs in the semi-final",IPL 2008,https://en.wikipedia.org/wiki/2008_Indian_Premier_League,,P19,IPL 2009,https://en.wikipedia.org/wiki/2009_Indian_Premier_League,,P20,IPL 2010,https://en.wikipedia.org/wiki/2010_Indian_Premier_League,,,Gayle-Kohli-de Villiers era,2011–2017,"In the 2011 auction, Royal Challengers retained only one of their players, Virat Kohli. West Indian batsman Chris Gayle and South African batsman AB de Villiers was brought in.

In the 2011 season, The Royal Challengers qualified for the finals but lost to Chennai at their home ground.

In the 2012 season, a batting failure at Hyderabad in RCB’s final game of the season led to the end of the team’s campaign, making it the first time since 2009 that they failed to qualify for both the play-offs and the Champions League.

In the 2013 season, they again did not qualify for the playoffs.

In the 2014 season, they ended up 7th in the points table and didn't qualify for the playoffs.

In the 2015 season, they lost to the Chennai Super Kings in the Qualifier 2, and ended the season finishing third.

In the 2016 season, they played the final against SRH, again in Bengaluru. RCB lost a hard fought match by 8 runs, to end as runners up in this ninth season of the IPL.

In the 2017 season, they ended up at the bottom of the table with 10 losses and 3 wins.

In the 2018 season, they did not advance to the playoffs.
",IPL 2011,https://en.wikipedia.org/wiki/2011_Indian_Premier_League,,,IPL 2015,https://en.wikipedia.org/wiki/2015_Indian_Premier_League,,,IPL 2016,https://en.wikipedia.org/wiki/2016_Indian_Premier_League,,,,,,,,,,,,,,,,,,,,,,,,,,,,,,,,,Virat Kohli,Virat Kohli set the record for most runs (973) in an IPL season in 2016.,https://en.wikipedia.org/wiki/Royal_Challengers_Bangalore#/media/File:Virat_Kohli_at_the_2015_IPL_opening_ceremony_(cropped).jpg,Rahul Dravid,Rahul Dravid was the team's icon player in 2008.,https://en.wikipedia.org/wiki/Royal_Challengers_Bangalore#/media/File:Rahul_dravid_Bangalore_Royal_Challengers_(cropped).jpg,,,,,,,Gayle Storm!,In a single match against Pune Warriors India saw Chris Gayle smash 175 off just 66 balls which was the highest individual score in T20 cricket and RCB put up 263-5 which was the highest total in T20 cricket.,IPL 2013,P22,"What goes up, also comes down!","In their  game against Kolkata Knight Riders, they were bundled out for 49 all out which is the lowest IPL score and also where no batsman could score 10 run. ",IPL 2017,P15,,,,,,,,,https://en.wikipedia.org/wiki/2013_Indian_Premier_League,https://en.wikipedia.org/wiki/2017_Indian_Premier_League,,,Kit Manufacturer,Zeven Sports,https://i.ytimg.com/vi/02ARxWX9h_M/maxresdefault.jpg,Shirt Sponsor (Front),Wrogn,https://d3tdx3c7l2rexw.cloudfront.net/static/img/uspl/home/wrogn-b.png,Shirt Sponsor (Back),Pilsbury Cookie Cake,https://en.wikipedia.org/wiki/Pillsbury_Company#/media/File:Pillsbury_logo.svg,Chest Branding,Valvoline,https://www.carid.com/images/valvoline/authorized-dealer.jpg
08/05/2019 11:52:32,https://en.wikipedia.org/wiki/Australia_national_cricket_team,https://en.wikipedia.org/wiki/Australia_national_cricket_team#/media/File:Australia_cricket_logo.svg,R2,https://en.wikipedia.org/wiki/Australia_national_cricket_team,Australia Cricket team,R2,"The Australia national cricket team is the joint oldest team in Test cricket history, having played in the first ever Test match in 1877.",Australia,G4,1877,Cricket Australia,Tim Paine,https://en.wikipedia.org/wiki/Tim_Paine#/media/File:Tim_Paine.jpg,,Aaron Finch,https://en.wikipedia.org/wiki/Aaron_Finch#/media/File:Aaron_Finch.jpg,,Aaron Finch,https://en.wikipedia.org/wiki/Aaron_Finch#/media/File:Aaron_Finch.jpg,,Justin langer,https://en.wikipedia.org/wiki/Justin_Langer#/media/File:Justin_Langer_Portrait.png,SF24,Melbourne Cricket Ground,"The Melbourne Cricket Ground (MCG), also known simply as ""The G"",[4] is an Australian sports stadium located in Yarra Park, Melbourne, Victoria. Home to the Melbourne Cricket Club, it is the 10th largest stadium in the world, the largest in Australia, the largest in the Southern Hemisphere, the largest cricket ground by capacity, and has the tallest light towers of any sporting venue.",https://en.wikipedia.org/wiki/Melbourne_Cricket_Ground#/media/File:2017_AFL_Grand_Final_panorama_during_national_anthem.jpg,Early History,1876-1890,"The Australian cricket team participated in the first Test match at the MCG in 1877, defeating an English team by 45 runs, with Charles Bannerman making the first Test century, a score of 165 retired hurt. ",-,,,,-,,,,,,,,Golden age,1890-1900,"The so-called 'Golden Age' of Australian Test cricket occurred around the end of the 19th century and the beginning of the 20th century, with the team under the captaincy of Joe Darling, Monty Noble and Clem Hill winning eight of ten tours",,,,,,,,,,,,,The Bradman era,1930-31-1945,"The 1930 tour of England heralded a new age of success for the Australian team. The team, led by Bill Woodfull – the ""Great Un-bowlable"" – featured legends of the game including Bill Ponsford, Stan McCabe, Clarrie Grimmett and the young pair of Archie Jackson and Don Bradman.",,,,,,,,,,,,,Cricket after World War II,1945-46-1960,"The team continued its success after the end of the Second World War, with the first Test (also Australia's first against New Zealand) being played in the 1945–46 season against New Zealand. Australia was by far the most successful team of the 1940s, being undefeated throughout the decade, winning two Ashes series against England and its first Test series against India. ",,,,,,,,,,,,,David Warner,David Andrew Warner (born 27 October 1986) is an Australian international cricketer and a former captain of the Australian national team in limited overs cricket,https://en.wikipedia.org/wiki/David_Warner_(cricketer)#/media/File:DAVID_WARNER_(11704782453).jpg,Glen mcgrath,Glenn Donald McGrath was a fast-medium pace bowler and is considered one of the greatest bowlers in cricketing history,https://en.wikipedia.org/wiki/Glenn_McGrath,Justin Langer,"A left-handed batsman, Langer is best known for his partnership with Matthew Hayden as Australia's test opening batsmen during the early and mid-2000s, considered one of the most successful ever. ",https://en.wikipedia.org/wiki/Justin_Langer#/media/File:Justin_Langer_Portrait.png,Shane Warne,"Shane Keith Warne  is an Australian cricket commentator and former cricketer, and ODI captain of the Australian national team. Widely regarded as one of the greatest bowlers in the history of the game",https://en.wikipedia.org/wiki/Shane_Warne#/media/File:Shane_Warne_February_2015.jpg,1987 World cup win,"The competition was won, for the first time, by Australia who defeated their arch-rivals England by seven runs in the most closely fought World Cup final to date in Kolkata's Eden Gardens stadium. ",1987 Cricket World cup,P16,1999 cricket World cup,"The tournament was won by Australia, who beat Pakistan by 8 wickets in the final at Lord's Cricket Ground in London. New Zealand and South Africa were the other semi-finalists.",1999 cricket world cup,P4,2003 cricket world,"The tournament was eventually won by Australia who won all 11 of their matches, beating India in the final played at the Wanderers Stadium in Johannesburg",2003 Cricket world cup,P5,2015 Cricket world cup,Australia defeated New Zealand by 7 wickets to win their fifth ICC Cricket World Cup.,2015 cricket world cup,,https://en.wikipedia.org/wiki/1987_Cricket_World_Cup,https://en.wikipedia.org/wiki/1999_Cricket_World_Cup,https://en.wikipedia.org/wiki/2003_Cricket_World_Cup,https://en.wikipedia.org/wiki/2015_Cricket_World_Cup,Kit Manufacturer,Asics,https://en.wikipedia.org/wiki/ASICS#/media/File:Asics.svg,Team sponsor,Alinta Energy,https://en.wikipedia.org/wiki/Alinta_Energy#/media/File:Alinta_Energy_(full_colour)_logo.jpg,Team sponsor,Quantas,https://en.wikipedia.org/wiki/Qantas#/media/File:Qantas_Airways_logo_2016.svg,,,
08/05/2019 12:09:36,https://en.wikipedia.org/wiki/England_cricket_team,https://en.wikipedia.org/wiki/England_cricket_team#/media/File:England_cricket_team_logo.svg,R4,https://en.wikipedia.org/wiki/England_cricket_team,England cricket team,R4,The England cricket team represents England and Wales in international cricket. England and Australia were the first teams to play a Test match in 1877,England,G10,1877,England and Wales Cricket Board,Joe Root,https://en.wikipedia.org/wiki/Joe_Root#/media/File:England_Cricket_Team_-_The_Ashes_Trent_Bridge_2015_(20417951192)_(root_cropped)_(cropped).jpg,,Eoin Morgan,https://en.wikipedia.org/wiki/Eoin_Morgan#/media/File:Eoin_Morgan_2013.jpg,,Eoin Morgan,https://en.wikipedia.org/wiki/Eoin_Morgan#/media/File:Eoin_Morgan_2013.jpg,,Trevor Bayliss,,SF49,Lord's,"Widely referred to as the Home of Cricket,  it is the home of Middlesex County Cricket Club, the England and Wales Cricket Board (ECB), and the European Cricket Council (ECC).",https://en.wikipedia.org/wiki/Lord%27s#/media/File:Lords-Cricket-Ground-Pavilion-06-08-2017.jpg,Early tours,1859-1880,"The first overseas tour occurred in September 1859 with England touring North America. This team had six players from the All-England Eleven, six from the United All-England Eleven and was captained by George Parr.

The first Test match on English soil occurred in 1880 with England victorious; this was the first time England fielded a fully representative side with W.G. Grace included in the team",,,,,,,,,,,,,1970s,1970-1980,"The 1970s, for the England team, can be largely split into three parts. The early 70s saw Ray Illingworth's side dominate world cricket. The mid-1970s were more turbulent. England were badly exposed as ageing and lacking in good fast bowling against the 1974–75 Australians, losing that series 4–1 to lose the Ashes. The side of 1977–80 contained some young players who went on to become England greats,",,,,,,,,,,,,,2000s,2000-2010,"Michael Vaughan took over, with players encouraged to express themselves. England won five consecutive Test series prior to facing Australia in the 2005 Ashes series, taking the team to second place in the ICC Test Championship table.

The 2009 Ashes series featured the first Test match played in Wales, at Sophia Gardens, Cardiff. England drew the match thanks to a last wicket stand by bowlers James Anderson and Monty Panesar. A victory for each team followed before the series was decided at The Oval. Thanks to fine bowling by Stuart Broad and Graeme Swann and a debut century by Jonathan Trott, England regained the Ashes.",,,,,,,,,,,,,2010s,2010 - Present,"England won their first ever ICC world championship, the 2010 World Twenty20, with a seven-wicket win over Australia in Barbados..

After finishing as runners-up in the ICC Champions Trophy, England faced Australia in back-to-back Ashes series. A 3–0 home win secured England the urn for the fourth time in five series. However, in the return series, they found themselves utterly demolished in a 5–0 defeat, their second Ashes whitewash in under a decade",,,,,,,,,,,,,Jos Buttler,He is is currently vice-captain of the England cricket team. ,https://en.wikipedia.org/wiki/Jos_Buttler#/media/File:Jos_Buttler_2017.jpg,Ben Stokes, He holds the record for England's fastest ever Test double-century,https://en.wikipedia.org/wiki/Ben_Stokes#/media/File:BEN_STOKES_(11704837023)_(cropped).jpg,Joe Root,He is the current captain of the England Test team. He is often regarded as one of the best batsmen in the world.,https://en.wikipedia.org/wiki/Joe_Root#/media/File:England_Cricket_Team_-_The_Ashes_Trent_Bridge_2015_(20417951192)_(root_cropped)_(cropped).jpg,Eoin Morgan,He is the first of only two players in history to score an ODI hundred for two nations and,https://en.wikipedia.org/wiki/Eoin_Morgan#/media/File:Eoin_Morgan_2013.jpg,1987 World Cup,England was defeated by their arch-rivals Australia by seven runs in the most closely fought World Cup final to date in Kolkata's Eden Gardens stadium.,1987 World Cup,P16,1992 World Cup,A strong performance by England in the 1992 Cricket World Cup in which the England team finished as runners-up for the second consecutive World Cup,1992 World Cup,P17,2010 T20 World Cup,"It was won by England, who defeated Australia in the final. Kevin Pietersen was named as player of the tournament.",T20 World Cup,P9,,,,,https://en.wikipedia.org/wiki/1987_Cricket_World_Cup,https://en.wikipedia.org/wiki/1992_Cricket_World_Cup,https://en.wikipedia.org/wiki/ICC_T20_World_Cup,,Kit Manufacturer,New Balance,https://en.wikipedia.org/wiki/New_Balance#/media/File:New_Balance_logo.svg,Shirt Sponsor,NatWest,https://en.wikipedia.org/wiki/NatWest#/media/File:Natwest_logo.svg,,,,,,
08/05/2019 13:44:39,https://en.wikipedia.org/wiki/West_Indies_cricket_team,https://en.wikipedia.org/wiki/West_Indies_cricket_team#/media/File:West_indies_cricket_board_flag.png,R3,https://en.wikipedia.org/wiki/West_Indies_cricket_team,West Indies cricket team,R3,"The West Indies cricket team, traditionally known as the Windies, is a multi-national cricket team representing the Anglophone Caribbean region and administered by Cricket West Indies. The players on this composite team are selected from a chain of fifteen Caribbean territories",Anglophone Caribbean Region,SF98,1928,Cricket West Indies,Kraigg Braithwaite,,,Rovman Powell,,,Jason Holder,,,Floyd Reifer,,SF40,Queen's Park Oval,"The Queen's Park Oval has hosted more Test matches than any other ground in the Caribbean and first hosted a Test match in 1930. The ground is considered one of the most picturesque venues in the world of cricket, featuring the view Trinidad's Northern Range.",https://en.wikipedia.org/wiki/West_Indies_cricket_team#/media/File:Queens_Park_Oval_Trinidad.jpg,Early History,1880s - 1970s,"The history of the West Indies cricket team began in the 1890s, when the first representative sides were selected to play visiting English sides. The WICB joined the sport's international ruling body, the Imperial Cricket Conference, in 1926, and played their first official international match, granted Test status, in 1928.

The West Indies defeated England for the first time at Lord's on 29 June 1950 and, on 16 August 1950, completed a 3–1 series win when they won at The Oval. Although",,,,,,,,,,,,,World Champions,1970s to 1990s.,"By the late 1970s, the West Indies led by Clive Lloyd had a side recognised as unofficial world champions, a reputation they retained throughout the 1980s.[19] During these glory years, the West Indies were noted for their four-man fast bowling attack, backed up by some of the best batsmen in the world. They won the first 2 world cups.  The 1980s saw them set a then-record streak of 11 consecutive Test victories in 1984, which was part of a still-standing record of 27 tests without defeat (the other tests being draws).",1975 cricket world cup,https://en.wikipedia.org/wiki/1975_Cricket_World_Cup,,,1979 cricket world cup,https://en.wikipedia.org/wiki/1979_Cricket_World_Cup,,,,,,,Decline and rise ,1990s - Present,"Throughout the 1990s and 2000s, West Indian cricket declined, largely owing to the failure of the West Indian Cricket Board to move the game from an amateur pastime to a professional sport. Victory in the 2004 Champions Trophy and a runner-up showing in the 2006 Champions Trophy left some hopeful, then they beat Australia and then host Sri Lanka in the 2012 World Twenty20 to win their first ICC world championship since the 1979 World Cup and then bested England to win the 2016 World Twenty20, making them the first team to win the World Twenty20 twice",ICC Champions Trophy ,https://en.wikipedia.org/wiki/ICC_Champions_Trophy,,,ICC T20 world cup,https://en.wikipedia.org/wiki/ICC_T20_World_Cup,,,,,,,,,,,,,,,,,,,,,,Darren Sammy," Both World T20s were won with Sammy as captain, making him the only West Indian captain besides Clive Lloyd with multiple ICC tournament victories.","https://en.wikipedia.org/wiki/West_Indies_cricket_team#/media/File:Darren_Sammy,_2010.jpg",Viv Richards,"Viv Richards, who has a Test batting average of 50.23 from 121 matches, captained the West Indies from 1985–86 to 1991, a period throughout which the West Indies were the best Test match side in the world.",https://en.wikipedia.org/wiki/West_Indies_cricket_team#/media/File:Vivian_richards_crop.jpg,Brian Lara,Brian Lara holds the world record for highest score in Test cricket ,https://en.wikipedia.org/wiki/West_Indies_cricket_team#/media/File:BrianLaraUkexpat.jpg,,,,Inaugural World Cup winners,West Indies won the inaugural World Cup,1979 World Cup,P27,Back to Back!,West Indies is the first team to win 2 world cups in a row,1975 World Cup,P26,T20 Champions,"They beat Sri Lanka in the finals to win the ICC T20 World Cup.
They became the second team to have won all three ICC global trophies – the World Cup, the Champions Trophy and the World Twenty20  after India in 2007",ICC T20 World Cup,P9,T20 Champions.. again!,"They bested England to win the 2016 World Twenty20, making them the first team to win the World Twenty20 twice. As an added bonus, they also became the first to win both the men's and women's World Twenty20 on the same day, as the women's team beat Australia for their first ICC world title immediately beforehand.",ICC T20 world cup,,https://en.wikipedia.org/wiki/1975_Cricket_World_Cup,https://en.wikipedia.org/wiki/1975_Cricket_World_Cup,https://en.wikipedia.org/wiki/ICC_T20_World_Cup,https://en.wikipedia.org/wiki/ICC_T20_World_Cup,Kit Manufacturer,BLK,https://en.wikipedia.org/wiki/BLK_(sportswear)#/media/File:Beyond_Limits_Known_logo.svg,Shirt Sponsor,Digicel,https://en.wikipedia.org/wiki/Digicel#/media/File:Digicel_logo.svg,,,,,,
,https://en.wikipedia.org/wiki/Pakistan_national_cricket_team,https://en.wikipedia.org/wiki/Pakistan_national_cricket_team#/media/File:PakistanCricketLogo.png,R8,https://en.wikipedia.org/wiki/Pakistan_national_cricket_team,Pakistan national cricket team,R8,"The Pakistan Men's National Cricket Team, popularly referred to as the Shaheens, Green Shirts and Men in Green, is administered by the Pakistan Cricket Board (PCB). The team is a Full Member of the International Cricket Council, and participates in Test, ODI and Twenty20 International cricket matches.",Pakistan,G5,1952,Pakistan Cricket Board,Sarfaraz Ahmed,,,Sarfaraz Ahmed,,,Sarfaraz Ahmed,,,Mickey Arthur,https://en.wikipedia.org/wiki/Mickey_Arthur#/media/File:Mickey_Arthur.jpg,SF44,National Stadium,"The National Stadium in Karachi, Pakistan is able to hold 34,228 spectators",https://commons.wikimedia.org/wiki/File:Nat_Std01.JPG,Pre-independence,1935," The first ever international cricket match in Karachi was held on 22 November 1935 between Sindh and Australian cricket teams. The match was seen by 5,000.",,,,,,,,,,,,,1986 Austral-Asia Cup,1986,"The 1986 Austral-Asia Cup, played in Sharjah in UAE, is remembered for a famous last-ball victory for Pakistan against India, with Javed Miandad emerging as a national hero.",,,,,,,,,,,,,1992 Cricket World Cup,1992,The 1992 Cricket World Cup in Australia and New Zealand marked Pakistan's first World Cup victory. ,1992 Cricket World Cup,,,P17,,,,,,,,,2009 ICC World T20,2009,"Pakistan defeated Sri Lanka in the finals to mark its first world title since Imran Khan's ""cornered tigers"" in 1992",,,,P9,,,,,,,,,Shoaib Malik," On 1 July 2018, Malik became the first Asian batsman to score 2,000 runs in T20Is and first player to play 100 T20Is in the world.",https://en.wikipedia.org/wiki/Shoaib_Malik#/media/File:Shoaib_Malik.jpg,Shahid Afridi,Shahid Afridi holds the distinction of having hit the most number of sixes in the history of ODI cricket.,https://en.wikipedia.org/wiki/Shahid_Afridi#/media/File:Shahid_Afridi_in_2017.jpg,Inzamam-ul-Haq,"Syed Inzamam-ul-Haq, also known as Inzi, is a former Pakistani cricketer, and former captain. He is the leading run scorer for Pakistan in one-day internationals.",https://en.wikipedia.org/wiki/Inzamam-ul-Haq#/media/File:Inzamam-ul-Haq.jpg,,,,1992 Cricket World Cup,Pakistan overcame a dismal start in the tournament to eventually defeat England by 22 runs in the final and emerge as winners.,1992 World Cup,P17,ICC World Twenty20,The final took place at Lord's on Sunday 21 June 2009 with Pakistan beating Sri Lanka by eight wickets.,,P9,ICC Champions Trophy,Pakistan won the competition for the first time with a 180-run victory over India in the final.,,P10,,,,,https://en.wikipedia.org/wiki/1992_Cricket_World_Cup,https://en.wikipedia.org/wiki/ICC_T20_World_Cup,,,Kit Manufacturer,CA Sports,https://en.wikipedia.org/wiki/CA_Sports#/media/File:CA_sports_logo.png,Shirt Sponsor,Pepsi,https://en.wikipedia.org/wiki/Pepsi#/media/File:Pepsi_logo_new.svg,Kit sponsor,T10 Sports,,,,
,https://en.wikipedia.org/wiki/Kings_XI_Punjab,https://en.wikipedia.org/wiki/Kings_XI_Punjab#/media/File:Kings_XI_Punjab_logo.svg,R9,https://en.wikipedia.org/wiki/Kings_XI_Punjab,Kings XI Punjab,R9,"The Kings XI Punjab (KXIP) are a franchise cricket team based in Mohali (Chandigarh CR), Punjab, that plays in the Indian Premier League. ",Mohali,G15,2008,Indian Premier League,,,,,,,Ravichandran Ashwin,https://en.wikipedia.org/wiki/Ravichandran_Ashwin#/media/File:Ravichandran_Ashwin_(cropped).jpg,SF88,Mike Hesson,,,Mohali Stadium,"The Punjab Cricket Association Inderjit Singh Bindra Stadium is a cricket ground located in Mohali, Chandigarh CR. It is popularly referred to as the Mohali Stadium. The stadium is home to the Punjab team. The stadium has an official capacity of 26,950 spectators.",https://en.wikipedia.org/wiki/Punjab_Cricket_Association_IS_Bindra_Stadium#/media/File:LightsMohali.png,First IPL match,2008,"Captained by Yuvraj Singh, Kings XI Punjab finished third in the 2008 IPL.",,,,P19,,,,,,,,,Strong team,2011,IPL 2011 looked promising when they bought a full strength team with Michael Bevan as coach and Adam Gilchrist appointed as captain.,,,,P13,,,,,,,,,New head coach,2017,Virender Sehwag joined as head coach as the team looked to recover from two back-to-back last-place finishes in the league. He appointed Glenn Maxwell as the captain.,,,,P15,,,,,,,,,International players,2018,"Kings XI Punjab squad for the 2018 IPL season included internationals such as Ravichandran Ashwin, Yuvraj Singh, KL Rahul, Aaron Finch and Chris Gayle. ",,,,P25,,,,,,,,,Chris Gayle,"Christopher Henry Gayle, OD (born 21 September 1979) is a Jamaican cricketer who plays international cricket for the West Indies. He plays domestic cricket for Jamaica, and also represents the Kings XI Punjab in the Indian Premier League.",https://en.wikipedia.org/wiki/Chris_Gayle#/media/File:ChrisGayle_Cropped.jpg,KL Rahul,"Kannur Lokesh Rahul commonly known as KL Rahul, is an Indian cricketer. A top-order batsman and occasional wicket-keeper, he plays for India internationally, Karnataka in domestic circuit and Kings XI Punjab in the Indian Premier League.",https://en.wikipedia.org/wiki/K._L._Rahul#/media/File:KL_Rahul_at_Femina_Miss_India_2018_Grand_Finale_(cropped).jpg,Moises Henriques,Moises Constantino Henriques is a Portugal-born Australian professional cricketer. He was the first cricketer born in Portugal to play for Australia in an international match,https://en.wikipedia.org/wiki/Moises_Henriques#/media/File:Moises_Henriques_with_the_Sydney_Sixers.jpg,Andrew Tye,Andrew James Tye  is an Australian cricketer who plays One Day Internationals (ODIs) and Twenty20 Internationals (T20Is) for the Australian national cricket team.,"https://en.wikipedia.org/wiki/Andrew_Tye#/media/File:2018.02.03.20.38.56-AUSvNZL_T20_NZL_innings,_SCG-0001_(38618205890)_(Tye_cropped).jpg",2008 Indian Premier League,"Captained by Yuvraj Singh, Kings XI Punjab finished third in the 2008 IPL.",,P19,2014 Indian Premier League,"Captained by George Bailey, Kings XI Punjab finished runners-up in the IPL and qualified for the Champions League T20 for the first time.",,P23,,,,,,,,,,,,,Shirt Sponsor (Front),Aaj Tak,https://en.wikipedia.org/wiki/Aaj_Tak#/media/File:Aaj_tak_logo.png,Shirt Sponsor (Back),Jio,https://en.wikipedia.org/wiki/Jio#/media/File:Reliance_Jio_Logo_(October_2015).svg,,,,,,
,https://en.wikipedia.org/wiki/Kolkata_Knight_Riders,https://en.wikipedia.org/wiki/Kolkata_Knight_Riders#/media/File:Kolkata_Knight_Riders_Logo.svg,R10,https://en.wikipedia.org/wiki/Kolkata_Knight_Riders,Kolkata Knight Riders,R10,The Kolkata Knight Riders (also known by the acronym KKR) are a franchise cricket team representing the city of Kolkata in the Indian Premier League. ,Kolkata,G12,2008,Indian Premier League,,,,,,,Dinesh Karthik,https://en.wikipedia.org/wiki/Dinesh_Karthik#/media/File:Dinesh.Karthik.jpg,O19,Jacques Kallis,https://en.wikipedia.org/wiki/Jacques_Kallis#/media/File:JAQUES_KALLIS_(3175901786).jpg,SF56,Eden Gardens,"Eden Gardens is a cricket ground in Kolkata, India established in 1864. It is the oldest cricket stadium in India. It is the home venue of the Bengal cricket team and the IPL franchise cricket team Kolkata Knight Riders.",https://en.wikipedia.org/wiki/Eden_Gardens#/media/File:Eden_Gardens_under_floodlights_during_a_match.jpg,Franchise history,2008, The team representing Kolkata was bought by Bollywood superstar Shah Rukh Khan's company Red Chillies Entertainment in partnership with actress Juhi Chawla and her husband Jay Mehta for a price of $75.09 million.,,,,P19,,,,,,,,,Sourav Ganguly,2011,"Former captain and icon player Sourav Ganguly was not purchased in the January auction. This led to protest rallies, signature campaigns throughout the country and abroad along with stadium protests by various fan groups, such as No Dada No KKR,[27] which received both national and international press attention",,,,O8,,,,,,,,,New logo,2012,"It was in 2012 that the current logo, which has a blazing purple Corinthian helmet trimmed with gold, with Kolkata Knight Riders written within a shield was introduced.",,,,P21,,,,,,,,,IPL 2018,2018,"On 4 March 2018, Dinesh Karthik was appointed as the captain of KKR for IPL 2018 and Robin Uthappa was named vice-captain.",,,,P25,,,,,,,,,Dinesh Karthik,"Dinesh Karthik made his maiden Test century against Bangladesh and then was India's leading scorer in the Test tour of England, helping India to win their first series in England in 21 years.",https://commons.wikimedia.org/wiki/File:Dinesh.Karthik.jpg,Robin Uthappa,Robin Uthappa  is named 'The Walking Assassin' for his tactic of charging the bowler. He played an important role in India's win at the 2007 ICC World Twenty20. ,https://en.wikipedia.org/wiki/Robin_Uthappa#/media/File:Robin_Uthappa_on_the_Show.jpg,Sourav Ganguly,"Sourav Gangly is the most successful Indian test captain overseas with 11 wins. The Indian team was ranked eighth in the ICC rankings before he became the captain, and under his tenure the team rank went up to second.",https://en.wikipedia.org/wiki/Sourav_Ganguly#/media/File:Sourav_Ganguly_closeup.jpg,Andre Russell,Andre Russell has played in over 300 Twenty20 matches for a range of sides in leagues throughout the world.,https://en.wikipedia.org/wiki/Andre_Russell#/media/File:Andre_Russell_2018_.jpg,2012 Indian Premier League,"Kolkata Knight Riders were the winning team, beating defending champions Chennai Super Kings by five wickets in the final.",,P21,2014 Indian Premier League," Kolkata Knight Riders won the tournament, defeating Kings XI Punjab by 3 wickets.",,P23,Orange Cap,Robin Uthappa won the Orange Cap for 660 runs in the 2014 IPL season.,,SF34,,,,,,,,,Main Sponsor, Nokia,https://en.wikipedia.org/wiki/Nokia#/media/File:Nokia_wordmark.svg,Co-Sponsor,Jio,https://en.wikipedia.org/wiki/Jio#/media/File:Reliance_Jio_Logo_(October_2015).svg,Kit sponsor,Alcis Sports,,,,
,https://en.wikipedia.org/wiki/Rajasthan_Royals,https://en.wikipedia.org/wiki/Rajasthan_Royals#/media/File:RR-LOGO-1.png,R11,https://en.wikipedia.org/wiki/Rajasthan_Royals,Rajasthan Royals,R11,"The Rajasthan Royals (often abbreviated as RR) are a franchise cricket team based in Jaipur, Rajasthan, that plays in the Indian Premier League.","Jaipur, Rajasthan",G14,2008,Indian Premier League,,,,,,,Steve Smith,"https://en.wikipedia.org/wiki/Steve_Smith_(cricketer)#/media/File:Steve_Smith_(cricketer),_2014_(cropped).jpg",SF87,Paddy Upton,,,Sawai Mansingh Stadium,"The Sawai Mansingh Stadium is a cricket stadium in Jaipur, Rajasthan, India. It was built during the reign of Raja Sawai Man Singh II who was also known as SMS, therefore the name is frequently shortened to SMS Stadium. As of July 2013, the stadium and grounds could be toured using Google Street View.",https://en.wikipedia.org/wiki/Sawai_Mansingh_Stadium#/media/File:Sawai-Mansingh-Stadium-Jaipur.jpg,2008 IPL season,2008,"The Rajasthan Royals became the winner of the first IPL tournament, when they defeated the Chennai Super Kings by 3 wickets in the final.",,,,P19,,,,,,,,,2009 IPL season,2009,The Royals failed to make it to the semifinals after losing their last two matches against Delhi Daredevils and Kolkata Knight Riders.,,,,P20,,,,,,,,,2011 IPL season,2011,"The Rajasthan Royals, and the Kings XI Punjab were temporarily ejected from the league due to issues with their unreported ownership changes. The teams were reinstated with involvement from the High Court.",,,,P13,,,,,,,,,2019 IPL season,2019,"Steve Smith made a comeback to IPL  after he was banned by BCCI to participate in 2018 season due to Australian ball-tampering controversy. Ajinkya Rahane retained his captaincy at the start of the season, however,  Steve Smith returned to the captaincy after poor results.",,,,,,,,,,,,,Steve Smith,"Steven Peter Devereux Smith is an Australian international cricketer and former captain of the Australian national team. On 30 December 2017, he reached a Test batting rating of 947, the second-highest of all time.","https://en.wikipedia.org/wiki/Steve_Smith_(cricketer)#/media/File:Steve_Smith_(cricketer),_2014_(cropped).jpg",Shane Warne,"Shane Warne played in the first four seasons (2008-2011) of the Indian Premier League for the Rajasthan Royals, where he played the roles of both captain and coach.",https://en.wikipedia.org/wiki/List_of_Rajasthan_Royals_cricketers#/media/File:Shane_Warne_bowling_2009.jpg,Rahul Dravid,"Rahul Dravid has faced 31258 balls, which is the highest number of balls faced by any player in test cricket.",https://en.wikipedia.org/wiki/List_of_Rajasthan_Royals_cricketers#/media/File:RahulDravid.jpg,Ajinkya Rahane,Ajinkya Rahane is currently the Captain of the Indian cricket team in Test cricket.,https://commons.wikimedia.org/wiki/Category:Ajinkya_Rahane#/media/File:Ajinkya_Rahane_2016_(cropped).jpg,2008 Indian Premier League,"Captained by Shane Warne, Rajasthan Royals finished winners in the IPL and qualified for the champions league T20.",,P19,2013 Indian Premier League,Shane Watson was named player of the series in the 2013 Indian Premier League.,,P22,Play-offs ,Rajasthan Royals finished 3rd in the 2013 IPL,,P22,,,,,,,,,Shirt Sponsor (Front),JK Lakshmi Cement,,Shirt Sponsor (Back),Surya LED,,"Shirt Sponsor (Away), Shirt Sponsor (Back)",Red FM,https://en.wikipedia.org/wiki/Red_FM_93.5#/media/File:Red_fm.jpg,,,
,,https://upload.wikimedia.org/wikipedia/en/8/81/Sunrisers_Hyderabad.svg,R12,https://en.wikipedia.org/wiki/Sunrisers_Hyderabad,Sunrisers Hyderabad,R12,"The SunRisers Hyderabad (often abbreviated as SRH) are a franchise cricket team based in Hyderabad, Telangana, that plays in the Indian Premier League (IPL)",Hyderabad,G13,2013,Indian Premier League,,,,,,,Kane Williamson,https://en.wikipedia.org/wiki/Kane_Williamson#/media/File:Kane_Williamson_(9773667991).jpg,O30,Tom Moody,https://en.wikipedia.org/wiki/Tom_Moody#/media/File:Tom_Moody_Sunrisers.jpg,,Rajiv Gandhi International Cricket Stadium,"The Rajiv Gandhi International Cricket Stadium is the principal cricket stadium in Hyderabad, Telangana, India and is the home ground of the Hyderabad Cricket Association.  It is located in Uppal, an eastern suburb of the city. It has a capacity of 55,000.","https://en.wikipedia.org/wiki/Rajiv_Gandhi_International_Cricket_Stadium,_Hyderabad#/media/File:RGIS_HYD.jpg",Initial years,2013-2014,Sunrisers Hyderabad made their IPL debut in the 2013 season. The team reached the playoffs but were eliminated after losing against Rajasthan Royals.,,,,,,,,,,,,,Maiden title and success,2015–2017,"For the 2015 season, David Warner was appointed as the captain for this season and led the team in all matches played. Warner won the first Orange Cap for Sunrisers Hyderabad.",,,,P24,,,,,,,,,Runners Up,2018,SRH finished the 2018 season as runners-up of the competition after losing to Chennai Super Kings in the final. Williamson won the Orange Cap with 735 runs.,,,,P25,,,,,,,,,,,,,,,,,,,,,,,,David Warner,Warner is the first Australian cricketer in 132 years to be selected for a national team in any format without experience in first-class cricket.,https://en.wikipedia.org/wiki/David_Warner_(cricketer)#/media/File:DAVID_WARNER_(11704782453).jpg,Kane Williamson,"During the New Zealand vs Pakistan 2014 ODI series, Williamson donated his entire match fee for all five ODIs to the victims of the 2014 Peshawar school massacre. He bowls and bats right handed but writes left handed.",https://en.wikipedia.org/wiki/Kane_Williamson,Bhuvneshwar Kumar,"After his five-wicket haul against South Africa in the first T20I in February 2018, Kumar became the first Indian bowler to take a five-wicket haul in all formats of the game.",https://en.wikipedia.org/wiki/Bhuvneshwar_Kumar#/media/File:Bhuvneshwar_Kumar.jpg,Martin Guptill,Guptill is the first cricketer from New Zealand and the fifth overall to have scored a double century in a One Day International match and holds the current record for the highest individual score in Cricket World Cup matches.,https://en.wikipedia.org/wiki/Martin_Guptill#/media/File:Martin_Guptill_2_(cropped).jpg,2013 Indian Premier League,Semi-finalists of the 2013 Indian Premier League,,,2015 Indian Premier League,Winner of Orange Cap (David Warner – 562 runs),,P24,2016 Indian Premier League,Champions of the 2016 Indian Premier League,,P25,2017 Indian Premier League,Winner of Purple Cap (Bhuvneshwar Kumar – 26 wickets),O15,,,,,,Kit sponsor,TYKA Sports,https://en.wikipedia.org/wiki/TYKA_Sports#/media/File:TYKASports_logo.png,Shirt Sponsor (Front),Coolwinks.com,,,,,,,
,,https://en.wikipedia.org/wiki/Afghanistan_national_cricket_team#/media/File:Afghanistan_cricket_board_logo.jpg,R17,https://en.wikipedia.org/wiki/Sunrisers_Hyderabad,Afghanistan national cricket team,R17,"The Afghanistan national cricket team is the 12th Test cricket playing Full Member nation. Cricket has been played in Afghanistan since the mid 19th century, but it is only in recent years that the national team has become successful. ",Afghanistan,,1995,Afghanistan Cricket Board,Rahmat Shah,,,Gulbadin Naib,,,Rashid Khan,,O41,Phil Simmons,,,,Afghanistan do not play their home matches in Afghanistan due to the ongoing security situation and the lack of international standard facilities.,https://commons.wikimedia.org/w/index.php?search=none&title=Special%3ASearch&profile=advanced&fulltext=1&advancedSearch-current=%7B%7D&ns0=1&ns6=1&ns12=1&ns14=1&ns100=1&ns106=1#/media/File:Icon_None.svg,Pre-ODI history,1839,"The earliest record of cricket in Afghanistan is of British troops playing a match in Kabul in 1839, though it appears that no long lasting legacy of cricket was left by the British.",,,,,,,,,,,,,Domestic Cricket,2001,The national team was invited to play in the second tier of Pakistani domestic cricket and the tour brought international media attention to Afghan cricket.,,,,,,,,,,,,,2015 Cricket World Cup,2015,"Afghanistan made their World Cup debut in the 50 over format of the game against Bangladesh at the Manuka Oval in Canberra, Australia. ",,,,P8,,,,,,,,,First test match victory,2019,"In March 2019 against Ireland, Afghanistan achieved their first-ever test match victory in their only second test match, becoming only 3rd team after England and Pakistan to do so.",,,,,,,,,,,,,Mohammed Nabi,"Mohammad Nabi is an Afghan cricketer who has captained the side in limited overs matches. He played a major role in Afghanistan's rise to the top level of international cricket, playing in both their first One Day International and their first Test match. ",https://en.wikipedia.org/wiki/Mohammad_Nabi#/media/File:Mohammad_Nabi-Australia.jpg,Gulbadin Naib,"Naib is a right-handed batsman who bowls right-arm fast-medium. In April 2019, the Afghanistan Cricket Board (ACB) named Naib as the team's new One Day International (ODI) captain ahead of the 2019 Cricket World Cup,",,Rashid Khan,Rashid Khan is an Afghan cricketer and the current Twenty20 International (T20I) captain of the national team. He returned the most expensive bowling figures by a debutant in a nation's maiden Test match.,,Hashmatullah Shahidi,Hashmatullah Shahidi is an Afghan cricketer. He made his One Day International debut for Afghanistan against Kenya in October 2013.,,2015 World Cup Qualifiers,"On 4 October 2013, Afghanistan qualified for their first Cricket World Cup after beating Kenya to finish in second place behind Ireland.",,,Participation in World Cup,The 2015 Cricket World was the first and to date the only Cricket World Cup Afghanistan has participated in. Afghanistan was grouped with hosts Australia and New Zealand.,,P8,2018 Cricket World Cup Qualifier,"Afghanistan won the tournament, beating the West Indies in the final. Afghanistan's Mohammad Shahzad was named the player of the match.",,,,,,,,,,,,,,,,,,,,,,
,,https://en.wikipedia.org/wiki/Bangladesh_national_cricket_team#/media/File:Flag_of_Bangladesh.svg,R18,https://en.wikipedia.org/wiki/Bangladesh_national_cricket_team,Bangladesh national cricket team,R18,"The Bangladesh national cricket team, popularly known as ""The Tigers"", is administered by the Bangladesh Cricket Board (BCB). Bangladesh is a full member of the International Cricket Council (ICC) with Test and One Day International (ODI) status.",Bangladesh,,,Bangladesh Cricket Board,Shakib Al Hasan,https://en.wikipedia.org/wiki/Shakib_Al_Hasan#/media/File:Shakib_Al_Hasan_(4)_(cropped).jpg,,Mashrafe Mortaza,https://en.wikipedia.org/wiki/Mashrafe_Mortaza#/media/File:Mashrafe_Bin_Mortaza_(cropped).jpg,,Shakib Al Hasan,https://en.wikipedia.org/wiki/Shakib_Al_Hasan#/media/File:Shakib_Al_Hasan_(4)_(cropped).jpg,,Steve Rhodes,https://en.wikipedia.org/wiki/Steve_Rhodes#/media/File:Steve_Rhodes_(14)_(cropped).jpg,,Sher-e-Bangla National Cricket Stadium,"The Sher-e-Bangla National Cricket Stadium (SBNCS), also called Mirpur Stadium, is a cricket ground in Dhaka, the capital of Bangladesh. The ground holds approximately 25,000 people. The venue was taken over by the Bangladesh Cricket Board in 2004, as the home of both the men's and women's national teams. ",,Bangladesh Cricket Board,1972-1977,"In 1972, the government created the Bangladesh Cricket Board, then called the Bangladesh Cricket Control Board, with a directive to organise cricket in the new country. ",,,,,,,,,,,,,International match with Sri Lanka,1978,The first full international team to visit Bangladesh was Sri Lanka in January 1978. Sri Lanka was then close to ICC Full Member status (achieved in 1982) and their higher standard was underlined by a series of innings victories in the three international matches against Bangladesh. ,,,,,,,,,,,,,1979–80 season,1979-1980,Pakistan visited Bangladesh for the first time. It was eight years after the end of the Liberation War but tensions were still evident. ,,,,,,,,,,,,,1999 Cricket World Cup,1999,"The Bangladesh team played in the Cricket World Cup for the first time, having qualified by winning the 1997 ICC Trophy, for the 1999 tournament in Great Britain.",,,,,,,,,,,,,Mashrafe Mortaza,"In April 2019, he was named as the captain of Bangladesh's squad for the 2019 Cricket World Cup.",https://en.wikipedia.org/wiki/Mashrafe_Mortaza#/media/File:Mashrafe_Bin_Mortaza_(cropped).jpg,Shakib Al Hasan,Shakib Al Hasan is a Bangladeshi international cricketer who currently captains the Bangladesh national team in Test and T20I formats. He is considered as the best and greatest cricketer to have ever played for Bangladesh.,https://en.wikipedia.org/wiki/Shakib_Al_Hasan#/media/File:Shakib_Al_Hasan_(4)_(cropped).jpg,Mushfiqur Rahim,Mohammad Mushfiqur Rahim is a Bangladeshi cricketer and the former captain of the Bangladesh national cricket team.He holds the record for highest score by a test Bangladesh batsman.,https://en.wikipedia.org/wiki/Mushfiqur_Rahim#/media/File:Mushfiqur_Rahim_2009_(cropped).jpg,Tamim Iqbal,"Muhammad Tamim Iqbal Khan is a Bangladeshi international cricketer. A left-handed opening batsman, he is the Bangladeshi's most successful runscorer to date. ",https://en.wikipedia.org/wiki/Tamim_Iqbal#/media/File:Tamim-Iqbal-wt20.png,1999 Cricket World Cup,They appeared for the first time in World Cup in the 1999 Cricket World Cup as an associate team. ,,,2007 Cricket World Cup,Bangladesh enjoyed a good tournament with two great wins against India and South Africa.,,P6,2011 Cricket World Cup,Bangladesh was a co-host with India for the 2011 Cricket World Cup.,,P7,All-rounder category number 1,"Shakib Al Hasan became the first player in history to hold the number 1 positions in all three formats of cricket, in the all-rounder category on 12 January 2015.",,,,,,,Main Sponsor,Grameenphone,https://en.wikipedia.org/wiki/Grameenphone#/media/File:Grameephone_Logo.png,,,,,,,,,
,,https://en.wikipedia.org/wiki/Sri_Lanka_national_cricket_team#/media/File:Sri_Lanka_Cricket_Cap_Insignia.svg,R13,https://en.wikipedia.org/wiki/Sri_Lanka_national_cricket_team,Sri Lanka national cricket team,R13,"The Sri Lanka national cricket team, nicknamed The Lions, represents Sri Lanka in international cricket. It is a full member of the International Cricket Council (ICC) with Test, One-Day International (ODI) and T20 International (T20I) status.",Sri Lanka,G7,,Sri Lanka Cricket,Dimuth Karunaratne,,,Dimuth Karunaratne,,,Lasith Malinga,https://en.wikipedia.org/wiki/Lasith_Malinga#/media/File:LASITH_MALINGA_(5155175549).jpg,O40,Chandika Hathurusingha,,,Galle International Stadium,"Galle International Stadium is a cricket stadium in Galle, Sri Lanka, situated near the Galle fort and fringed on two sides by the Indian Ocean. It is considered to be one of the most picturesque cricket grounds in the world. ",https://en.wikipedia.org/wiki/Galle_International_Stadium#/media/File:Sri_Lanka_vs_Pakistan_test_match.JPG, Ceylon national cricket team,1972,"Renamed Sri Lanka in 1972, the national team first competed in top level international cricket in 1975, when they played against West Indies during 1975 Cricket World Cup",,,,P26,,,,,,,,,First test win,1981,"After Sri Lanka was awarded Test status in 21 July 1981 as eighth Test playing nation, they had to wait until 6 September 1985, where Sri Lanka recorded their first Test win by beating India",,,,,,,,,,,,,1990s,1990s,"Sri Lanka had to wait for more than 7 years for their next series victory, which came against New Zealand in December 1992. ",,,,,,,,,,,,,Comparison with other teams,2018,"Sri Lanka have registered more wins against Pakistan and Bangladesh than any other team, with 14.",,,,,,,,,,,,,Lasith Malinga,"Separamadu Lasith Malinga bowls right-arm fast-medium and, is commonly used as a specialist death bowler, which lead to his nicknames, ""Slinga Malinga"" and ""Malinga the Slinga"".",https://en.wikipedia.org/wiki/Lasith_Malinga#/media/File:LASITH_MALINGA_(5155175549).jpg,Dinesh Chandimal,Chandimal holds the joint record for taking the most number of catches in a single T20I as a fielder.,https://en.wikipedia.org/wiki/Dinesh_Chandimal#/media/File:Dinesh_Chandimal_2.JPG,Angelo Mathews,"Angelo Davis Mathews, is a professional Sri Lankan cricketer and a former captain in all formats.",https://en.wikipedia.org/wiki/Angelo_Mathews#/media/File:Angelo_Mathews_(5338334462).jpg,Thisara Perera,"Thisara Perera, is a professional Sri Lankan cricketer. He was purchased by the Chennai Super Kings for US$50,000 in the auction for the 2010 Indian Premier League.",https://en.wikipedia.org/wiki/Thisara_Perera#/media/File:Thisara_Perera.jpg,1996 Cricket World Cup," Winners of the 1996 Cricket World Cup, which they co-hosted with India & Pakistan",,,Winners of the 2002 ICC Champions Trophy,"Joint winners of the 2002 ICC Champions Trophy, which they also hosted in their own right",,P10,2007 Cricket World Cup,"Runners up in the 2007 Cricket World Cup, hosted by the West Indies",,P6,2011 Cricket World Cup,"Runners up of the 2011 Cricket World Cup, which they co-hosted with India & Bangladesh.",P7,,,,,,Sponsors,Dilmah ,https://en.wikipedia.org/wiki/Dilmah#/media/File:Dilmah-Logo.jpg,"Principal Sponsor, 2019 World Cup",Kent RO Systems,https://en.wikipedia.org/wiki/Kent_RO_Systems#/media/File:KENT_Healthcare_Logo.jpg,,,,,,
,,https://en.wikipedia.org/wiki/South_Africa_national_cricket_team#/media/File:Southafrica_cricket_logo.svg,R14,https://en.wikipedia.org/wiki/South_Africa_national_cricket_team,South Africa national cricket team,R14,"The South African national cricket team, nicknamed the Proteas is administered by Cricket South Africa. South Africa is a full member of the International Cricket Council (ICC) with Test, One Day International (ODI) and Twenty20 International (T20I) status.",South Africa,G6,,Cricket South Africa,Faf du Plessis,,,Faf du Plessis,,,Faf du Plessis,,,Ottis Gibson,,SF45,Wanderers Stadium,"The Wanderers Stadium is a stadium situated in Johannesburg, South Africa. Test, One Day and First class cricket matches are played here. ",https://en.wikipedia.org/wiki/Wanderers_Stadium#/media/File:Wandrersflag.jpg,Beginnings and early developments,1843,"The oldest cricket club in South Africa is the Port Elizabeth Cricket Club, founded in 1843. ",,,,,,,,,,,,,England Tour,1888,Sir Donald Currie sponsored the first English team to tour South Africa. ,,,,,,,,,,,,,Australia Tour,1910-11,The South African cricket team toured Australia for the first time in 1910–11.,,,,,,,,,,,,,Current standings,2018,"As of 15 March 2018, the ICC ranks South Africa second in Tests, second in ODIs and seventh in T20Is, as well as sixth in the women's overall championship",,,,,,,,,,,,,Hashim Amla,Hashim Mohammad Amla is a South African international cricketer who plays for South Africa in all three formats of the game. He is a right-handed batsman and holds the record for the highest individual Test score of any South African batsman.,https://en.wikipedia.org/wiki/Hashim_Amla#/media/File:Hashim_Amla.jpg,Quinton de Kock,Quinton de Kock is a South African professional cricketer. He also plays for Mumbai Indians in Indian Premier League. He was named the Cricketer of the Year at Cricket South Africa's 2017 Annual Awards.,https://en.wikipedia.org/wiki/Quinton_de_Kock#/media/File:QUINTON_DE_KOCK_(15681398316).jpg,David Miller,David Miller is the former captain of the Kings XI Punjab in the Indian Premier League (IPL) and represents South Africa in both One Day Internationals (ODIs) and Twenty20 Internationals.,https://en.wikipedia.org/wiki/David_Miller_(cricketer)#/media/File:DAVID_MILLER_(15704846295).jpg,JP Duminy,"Jean-Paul Duminy, often shortened to JP Duminy, is an international South African cricketer. He is vice-captain of the South Africa T20I team. He plays for the IPL cricket team Mumbai Indians.",https://en.wikipedia.org/wiki/JP_Duminy#/media/File:JP_DUMINY_(15681037986).jpg,ICC Champions Trophy,South Africa won the 1998 ICC Champions Trophy,,,2003 Cricket World Cup,South Africa hosted the 2003 Cricket World Cup,,P5,,,,,,,,,,,,,Kit sponsor,New Balance,https://en.wikipedia.org/wiki/New_Balance#/media/File:New_Balance_logo.svg,Shirt Sponsor,Standard Bank,https://en.wikipedia.org/wiki/Standard_Bank#/media/File:Standard_Bank_SA_logo.svg,,,,,,
,,https://en.wikipedia.org/wiki/New_Zealand_national_cricket_team#/media/File:New_Zealand_Cricket_Cap_Insignia.svg,R15,https://en.wikipedia.org/wiki/New_Zealand_national_cricket_team,New Zealand national cricket team,R15,"The New Zealand national cricket team, nicknamed the Black Caps, played their first Test in 1930 against England in Christchurch, becoming the fifth country to play Test cricket. ",New Zealand,G8,,New Zealand Cricket,Kane Williamson,https://en.wikipedia.org/wiki/Kane_Williamson#/media/File:Kane_Williamson_(9773667991).jpg,O30,Kane Williamson,https://en.wikipedia.org/wiki/Kane_Williamson#/media/File:Kane_Williamson_(9773667991).jpg,O30,Kane Williamson,https://en.wikipedia.org/wiki/Kane_Williamson#/media/File:Kane_Williamson_(9773667991).jpg,O30,Gary Stead,,SF46,Eden Park,"Eden Park is New Zealand's largest sports stadium, located in central Auckland, New Zealand. It is used primarily for cricket in summer.",https://en.wikipedia.org/wiki/Eden_Park#/media/File:Auckland_EdenPark.jpg,Beginnings of cricket in New Zealand,1842,The first recorded game of cricket in New Zealand took place in Wellington in December 1842.,,,,,,,,,,,,,First national team,1904-1905,New Zealand played its first two internationals (not Tests) in 1904–05 against a star-studded Australia team,,,,,,,,,,,,,Inter-war period,1927,"In 1927 New Zealant toured England. They played 26 first class matches, mostly against county sides.",,,,,,,,,,,,,After World War II,1950s,"New Zealand played its first matches against the West Indies in 1951–52, and Pakistan and India in 1955/56.",,,,,,,,,,,,,Martin Guptill,"Martin James Guptill, is a New Zealand international cricketer who plays as an opening batsman. Guptill holds the current record for the highest individual score in Cricket World Cup matches.",https://en.wikipedia.org/wiki/Martin_Guptill#/media/File:Martin_Guptill_2_(cropped).jpg,Colin Munro,Colin Munro is a South-African born New Zealand international cricketer. He is the first player to score three Twenty20 International centuries.,https://en.wikipedia.org/wiki/Colin_Munro#/media/File:Colin_Munro_with_the_Sydney_Sixers.jpg,Kane Williamson,Kane Stuart Williamson (is a New Zealand international cricketer who is currently the captain of the New Zealand national team and Sunrisers Hyderabad in the Indian Premier League. He is considered as one of the best batsmen in the world.,https://en.wikipedia.org/wiki/Kane_Williamson#/media/File:Kane_Williamson_(9773667991).jpg,Ross Taylor,"Taylor is considered as one of the greatest batsmen to represent New Zealand and became the nation's highest ODI century maker in 2017, with his 17th ODI century.",https://en.wikipedia.org/wiki/Ross_Taylor#/media/File:Ross_Taylor_(6159940521)_(cropped).jpg,1992 Cricket World Cup,New Zealand were hosts and semi finalists of the 1992 Cricket World Cup,,,2007 Cricket World Cup,New Zealand went through to the semifinals and placed 3rd overall.,,P6,2009 ICC Champions Trophy,New Zealand was runner's up in the 2009 ICC Champions Trophy,,P10,2015 Cricket World Cup,New Zealand was Runners-up at the 2015 Cricket World Cup.,P8,,,,,,Shirt Sponsor (Chest and Sleeves),ANZ,https://en.wikipedia.org/wiki/Australia_and_New_Zealand_Banking_Group#/media/File:ANZ-brand.svg,Kit sponsor,Canterbury,https://en.wikipedia.org/wiki/Canterbury_of_New_Zealand#/media/File:Canterbury_of_New_Zealand_logo.svg,Chest Branding,Lotus Herbals,,,,
,,https://en.wikipedia.org/wiki/Delhi_Capitals#/media/File:Delhi_Capitals_Logo.svg,R16,https://en.wikipedia.org/wiki/Delhi_Capitals,Delhi Capitals,R16,The Delhi Capitals are a franchise cricket team that represents the city of Delhi in the Indian Premier League (IPL). ,"Delhi, India",G16,2008,Indian Premier League,,,,,,,Shreyas Iyer,,SF91,Ricky Ponting,https://en.wikipedia.org/wiki/Ricky_Ponting#/media/File:Ricky_Ponting_2015.jpg,SF48,Feroz Shah Kotla Ground,"The Feroz Shah Kotla Ground is a cricket ground located at Bahadur Shah Zafar Marg, New Delhi. It was established in 1883 and is the second oldest international cricket stadium still functional in India.",https://en.wikipedia.org/wiki/Feroz_Shah_Kotla_Ground#/media/File:Feroz_Shah_Kotla_during_India_vs_Australia_2019_ODI.jpg,2008 IPL season,2008,Delhi Daredevils had a good run in the inaugural edition of the IPL.They lost to eventual champions Rajasthan Royals in the semi final.,,,,P19,,,,,,,,,2009 IPL season,2009," Despite dominating for the regular season, the Daredevils crumbled in the semi-final under a fierce batting by Aussie keeper Adam Gilchrist, who hit the joint 5th fastest fifty in IPL history (just 17 balls). ",,,,P20,,,,,,,,,2013 IPL season,2013,The Delhi Daredevils lost all first six matches of IPL 2013 and won their first match in seven games against the Mumbai Indians.,,,,P22,,,,,,,,,2016 IPL season,2016,"After losing their first match against the two-time Champions Kolkata Knight Riders, they went on to dominate Kings XI Punjab, Royal Challengers Bangalore, Defending Mumbai Indians, Kolkata Knight Riders in the second leg and newcomers Gujarat Lions. ",,,,P14,,,,,,,,,Shikhar Dhawan,"In August 2013, Shikhar Dhawan recorded the then-second-highest individual score in a List A match when he scored 248 runs off 150 balls for India A against South Africa A at Pretoria",https://en.wikipedia.org/wiki/Shikhar_Dhawan#/media/File:SHIKHAR_DHAWAN_(16005494418).jpg,Colin Munro,"Colin Munro is a South-African born New Zealand international cricketer, who plays limited overs formats of the game.  He is the first player to score three Twenty20 International centuries.",https://en.wikipedia.org/wiki/Colin_Munro#/media/File:Colin_Munro_with_the_Sydney_Sixers.jpg,Kagiso Rabada,"Kagiso Rabada (born 25 May 1995) is a South African international cricketer who plays all formats of the game. Rabada, who is known by the nickname KG became the first cricketer to win six awards at Cricket South Africa's (CSA) annual dinner, including the prize for Cricketer of the Year in 2016.",https://en.wikipedia.org/wiki/Kagiso_Rabada#/media/File:Rabada.jpg,Trent Boult,Trent Alexander Boult is a New Zealand international cricketer who plays as a bowler.  He was the joint leading wicket taker at the 2015 Cricket World Cup.,"https://en.wikipedia.org/wiki/Trent_Boult#/media/File:2018.02.03.22.23.14-AUSvNZL_T20_AUS_innings,_SCG_(39533156665).jpg",2008 Indian Premier League,Placed 4th at the 2008 Indian Premier League,,,2009 Indian Premier League,Delhi Capitals were 3rd in the 2009 Indian Premier League,,P20,,,,,,,,,,,,,"Shirt Sponsor (Away), Shirt Sponsor (Chest)",Daikin,https://en.wikipedia.org/wiki/Daikin#/media/File:DAIKIN_logo.svg,Shirt Sponsor (Back),APL Apollo Steel Tubes,,,,,,,
