Header Image Link,Article Code,Wikipedia Link,Name of Team,Team Code,Short Summary of Team,Location,Location article code,Established On,Association,Test Captain name,Test Captain image link,Test Captain article code,ODI Captain name,ODI Captain image link,ODI Captain article code,T20I Captain name,T20I Captain image link,T20I Captain article code,Coach Name,Coach image link,Coach article code,Venue Name,Venue Description,Venue Image Link,History Phase 1 Title,History Phase 1 Dates,History Phase 1 brief description,History Phase 1 Card 1 Title,History Phase 1 Card 1 URL ,History Phase 1 Card 1 brief description,History Phase 1 Card 1 article code,History Phase 1 Card 2 Title,History Phase 1 Card 2 URL ,History Phase 1 Card 2 brief description,History Phase 1 Card 2 article code,History Phase 1 Card 3 Title,History Phase 1 Card 3 URL ,History Phase 1 Card 3 brief description,History Phase 1 Card 3 article code,History Phase 2 Title,History Phase 2 Dates,History Phase 2 brief description,History Phase 2 Card 1 Title,History Phase 2 Card 1 URL ,History Phase 2 Card 1 brief description,History Phase 2 Card 1 article code,History Phase 2 Card 2 Title,History Phase 2 Card 2 URL ,History Phase 2 Card 2 brief description,History Phase 2 Card 2 article code,History Phase 2 Card 3 Title,History Phase 2 Card 3 URL ,History Phase 2 Card 3 brief description,History Phase 2 Card 3 article code,History Phase 3 Title,History Phase 3 Dates,History Phase 3 brief description,History Phase 3 Card 1 Title,History Phase 3 Card 1 URL ,History Phase 3 Card 1 brief description,History Phase 3 Card 1 article code,History Phase 3 Card 2 Title,History Phase 3 Card 2 URL ,History Phase 3 Card 2 brief description,History Phase 3 Card 2 article code,History Phase 3 Card 3 Title,History Phase 3 Card 3 URL ,History Phase 3 Card 3 brief description,History Phase 3 Card 3 article code,History Phase 4 Title,History Phase 4 Dates,History Phase 4 brief description,History Phase 4 Card 1 Title,History Phase 4 Card 1 URL ,History Phase 4 Card 1 brief description,History Phase 4 Card 1 article code,History Phase 4 Card 2 Title,History Phase 4 Card 2 URL ,History Phase 4 Card 2 brief description,History Phase 4 Card 2 article code,History Phase 4 Card 3 Title,History Phase 4 Card 3 URL ,History Phase 4 Card 3 brief description,History Phase 4 Card 3 article code,,Player 1 Name,Player 1 Description,Player 1 Image URL ,Player 2 Name,Player 2 Description,Player 2 Image URL ,Player 3 Name,Player 3 Description,Player 3 Image URL ,Player 4 Name,Player 4 Description,Player 4 Image URL ,Achievement 1 Title  ,Achievement 1 Description,Achievement 1 Card Title,Achievement 1 Card Code,Achievement 2 Title  ,Achievement 2 Description,Achievement 2 Card Title,Achievement 2 Card Code,Achievement 3 Title  ,Achievement 3 Description,Achievement 3 Card Title,Achievement 3 Card Code,Achievement 4 Title  ,Achievement 4 Description,Achievement 4 Card Title,Achievement 4 Card Code,Achievement 1 Card URL,Achievement 2 Card URL,Achievement 3 Card URL,Achievement 4 Card URL,Sponsor Type 1 ,Sponsor  Type 1 name,Sponsor Type 1 Image URL ,Sponsor Type 2,Sponsor Type 2 Name,Sponsor Type 2 Image URL ,Sponsor Type 3,Sponsor Type 3 Name,Sponsor Type 3 Image URL ,Sponsor Type 4,Sponsor Type 4 Name,Sponsor Type 4 Image URL 
https://commons.wikimedia.org/wiki/File:Flagcricket.jpg,R1,https://hi.wikipedia.org/wiki/%E0%A4%AD%E0%A4%BE%E0%A4%B0%E0%A4%A4%E0%A5%80%E0%A4%AF_%E0%A4%95%E0%A5%8D%E0%A4%B0%E0%A4%BF%E0%A4%95%E0%A5%87%E0%A4%9F_%E0%A4%9F%E0%A5%80%E0%A4%AE,भारत की राष्ट्रीय क्रिकेट टीम,R1,"भारत की राष्ट्रीय क्रिकेट टीम को टीम इंडिया और मेन इन ब्लू के नाम से भी जाना जाता है। भारत को टेस्ट में पहला, वनडे में दूसरा और आईसीसी द्वारा टी20 में दूसरा स्थान मिला है। विराट कोहली टीम के वर्तमान कप्तान हैं जबकि मुख्य कोच रवि शास्त्री हैं।",भारत,G3,1926,भारतीय क्रिकेट कंट्रोल बोर्ड,विराट कोहली,https://commons.wikimedia.org/wiki/File:Virat..Kohli.jpg,O1, रोहित शर्मा,https://commons.wikimedia.org/wiki/File:Rohit_Sharma_November_2016_(cropped).jpg,O3, रोहित शर्मा,https://commons.wikimedia.org/wiki/File:Rohit_Sharma_November_2016_(cropped).jpg,O3,रवि शास्त्री ,https://commons.wikimedia.org/wiki/File:RaviShastri.jpg,O21,वानखेड़े स्टेडियम,"

मुंबई का वानखेड़े स्टेडियम अतीत में कई हाई-प्रोफ़ाइल क्रिकेट मैचों की मेजबानी कर चुका है, जिसमें सबसे उल्लेखनीय 2011 क्रिकेट विश्व कप फाइनल है, जिसमें भारत ने श्रीलंका को 6 विकेट से हराया था। स्टेडियम सचिन तेंदुलकर के अंतर्राष्ट्रीय कैरियर के आखिरी मैच का साक्षी भी बना था।",https://commons.wikimedia.org/wiki/File:Wankhede_ICC_WCF.jpg,वनडे क्रिकेट का आगमन,1971 - 1983,1971 में वन डे इंटरनेशनल (ओडीआई) क्रिकेट के आगमन ने क्रिकेट की दुनिया में एक नया आयाम रचा। भारत ने ओडीआई में एक कमजोर टीम के रूप में शुरुआत की और क्रिकेट विश्व कप के पहले दो संस्करणों में दूसरे दौर के लिए क्वालीफाई नहीं किया। हालांकि कपिल देव की कप्तानी में भारत ने 1983 में लॉर्ड्स में फाइनल में मजबूत गेंदबाजी प्रदर्शन के कारण दो बार के गत विजेता वेस्टइंडीज को हराकर क्रिकेट विश्व कप जीता।,1983 विश्व कप,https://en.wikipedia.org/wiki/1983_Cricket_World_Cup#/media/File:Prudential_Cup_83_logo.svg,1983 क्रिकेट विश्व कप (आधिकारिक रूप से प्रूडेंशियल कप '83) क्रिकेट विश्व कप टूर्नामेंट का तीसरा संस्करण था। यह इंग्लैंड और वेल्स में आयोजित किया गया था और इसे भारत ने जीता  था।,P2, कपिल देव,https://en.wikipedia.org/wiki/Kapil_Dev#/media/File:Kapil_Dev_at_Equation_sports_auction.jpg,कपिल देव ने 1983 क्रिकेट विश्व कप जीतने वाली भारतीय क्रिकेट टीम की कप्तानी की। उन्हें 2002 में विजडन ने सेंचुरी ऑफ द सेंचुरी इंडियन क्रिकेटर के रूप में नामित किया था।,O6,,,,, परवर्ती 20वीं सदी,1983-2000 ,"भारत और पाकिस्तान ने 1987 में संयुक्त रूप से विश्व कप की मेजबानी की, पहली बार यह प्रतियोगिता इंग्लैंड के बाहर आयोजित की गई थी। उन्होंने फिर से संयुक्त रूप से श्रीलंका के साथ 1996 विश्व कप की मेजबानी की। सचिन तेंदुलकर और अनिल कुंबले 1989 और 1990 में राष्ट्रीय टीम में शामिल हुए और टीम में और सुधार किया। हालांकि टीम को 2000 में नुकसान हुआ था जब मोहम्मद अजहरुद्दीन और अजय जडेजा मैच फिक्सिंग में फंस गए और उन्हें बैन कर दिया गया।",1987 World Cup,https://en.wikipedia.org/wiki/1987_Cricket_World_Cup#/media/File:1987_world_cup_logo.png,1987 विश्व कप संयुक्त रूप से भारत और पाकिस्तान दोनों द्वारा आयोजित किया गया था और इसे ऑस्ट्रेलिया द्वारा जीता गया ,P16,1992 विश्व कप,https://en.wikipedia.org/wiki/1992_Cricket_World_Cup#/media/File:World_Cup_1992_logo.svg,1992 विश्व कप ऑस्ट्रेलिया और न्यूजीलैंड में आयोजित किया गया था और पहली बार पाकिस्तान द्वारा जीता गया था,P17,1996 विश्व कप,https://en.wikipedia.org/wiki/1996_Cricket_World_Cup#/media/File:Wills_World_Cup_1996.svg,1996 विश्व कप पाकिस्तान और भारत द्वारा आयोजित किया जाने वाला दूसरा और श्रीलंका द्वारा आयोजित पहला विश्व कप था। यह टूर्नामेंट पहली बार श्रीलंका ने जीता था।,P3, 2000 के दशक में सुधार,2000-2007,"2000 के बाद से, भारतीय टीम ने सौरव गांगुली की कप्तानी और भारत के पहले विदेशी कोच जॉन राइट के मार्गदर्शन में बड़े सुधार किए। इसने 2003 विश्व कप के फाइनल में जगह बनाई, लेकिन 2007 विश्व कप के ग्रुप चरण से आगे बढ़ने में असफल रहा।",2003 विश्व कप,https://en.wikipedia.org/wiki/2003_Cricket_World_Cup#/media/File:Cricket_World_Cup_Logo_2003.svg, 2003 विश्व कप अफ्रीका में आयोजित होने वाला पहला विश्व कप था। इसे आस्ट्रेलिया ने जीता। ,P5,2007 विश्व कप,https://en.wikipedia.org/wiki/2007_Cricket_World_Cup#/media/File:2007_Cricket_World_Cup_logo.svg,2007 के विश्व कप की मेजबानी वेस्टइंडीज ने की थी। इसे ऑस्ट्रेलिया ने जीता था,P6,,,,,धोनी के नेतृत्व में सफलता ,2007 - वर्तमान,"द्रविड़ ने टीम की कप्तानी छोड दी, जिसके बाद धोनी को ट्वेंटी 20 और एकदिवसीय टीम का कप्तान बनाया गया। सितंबर 2007 में भारत ने पहली बार ट्वेंटी 20 विश्व कप जीता। 2011 में भारत ने क्रिकेट विश्व कप जीत लिया। भारत ने 2013 चैंपियंस ट्रॉफी जीती, इस प्रकार तीन प्रमुख आईसीसी ट्रॉफी जीतने वाले धोनी इतिहास के पहले कप्तान बने।",आईसीसी टी20 विश्व कप,https://en.wikipedia.org/wiki/ICC_T20_World_Cup#/media/File:ICC_World_Twenty20_Trophy.jpg,पहला आईसीसी टी 20 विश्व कप दक्षिण अफ्रीका ने आयोजित किया था और इसे भारत ने जीता था,P9,2011 विश्व कप,https://en.wikipedia.org/wiki/2011_Cricket_World_Cup#/media/File:2011_Cricket_World_Cup_Logo.svg,"2011 के विश्व कप की मेजबानी भारत, श्रीलंका और पहली बार बांग्लादेश ने की थी। इसे भारत ने जीता था",P7,आईसीसी चैम्पियंस ट्रॉफी,https://en.wikipedia.org/wiki/ICC_Champions_Trophy#/media/File:ICC_Champions_Trophy_cricket_logo.png,"इंग्लैंड और वेल्स ने 2013 चैंपियंस ट्रॉफी की मेजबानी की, जिसे भारत ने जीता था",P10,,अनिल कुंबले,,https://commons.wikimedia.org/wiki/File:Kumble_edited.jpg, सचिन तेंदुलकर,सचिन तेंदुलकर ने 2008 में ऑस्ट्रेलिया के खिलाफ मैच के दौरान अपना 38 वां टेस्ट शतक बनाया। तेंदुलकर ने कई विश्व रिकॉर्ड बनाए।,https://commons.wikimedia.org/wiki/File:Sachin_Tendulkar_at_MRF_Promotion_Event.jpg,,,,,,, तिहरी सफलता,"2013 में एम एस धोनी इतिहास के पहले ऐसे कप्तान बने जिन्होंने तीन प्रमुख आईसीसी ट्राफियां जीतीं- 2011 में आईसीसी क्रिकेट विश्व कप, 2007 में आईसीसी विश्व ट्वेंटी 20 और 2013 में आईसीसी चैंपियंस ट्रॉफी।", एम एस धोनी,O2, धरती पुत्र,2011 के क्रिकेट विश्व कप में भारत ने श्रीलंका को हराकर फाइनल में प्रवेश किया और वह पहला देश बन गया जिसने घरेलू धरती पर क्रिकेट विश्व कप का फाइनल जीता,आईसीसी क्रिकेट विश्व कप,P1,,,,,,,,,https://en.wikipedia.org/wiki/MS_Dhoni#/media/File:Mahendra_Singh_Dhoni_January_2016_(cropped).jpg,https://en.wikipedia.org/wiki/Cricket_World_Cup#/media/File:Icc_cricket_world_cup_trophy.jpg,,,किट निर्माता,नाइकी,https://commons.wikimedia.org/wiki/File:Logo_NIKE.svg,शर्ट प्रायोजक, ओप्पो,https://commons.wikimedia.org/wiki/File:OPPO_LOGO_2019.svg,,,,,,
https://en.wikipedia.org/wiki/File:Mumbai_Indians_Logo.svg,R7,https://hi.wikipedia.org/wiki/%E0%A4%AE%E0%A5%81%E0%A4%82%E0%A4%AC%E0%A4%88_%E0%A4%87%E0%A4%82%E0%A4%A1%E0%A4%BF%E0%A4%AF%E0%A4%82%E0%A4%B8,मुंबई इंडियंस,R7,"मुंबई इंडियंस एक फ्रैंचाइज़ी क्रिकेट टीम है जो मुंबई शहर, महाराष्ट्र में स्थित है। 2008 में स्थापित मुंबई इंडियंस इंडियन प्रीमियर लीग (आईपीएल) में खेलती है। टीम का स्वामित्व भारत के सबसे बड़े समूह रिलायंस इंडस्ट्रीज के पास है।",मुंबई,G2,2008,इंडियन प्रीमियर लीग,,,,,,, रोहित शर्मा,https://commons.wikimedia.org/wiki/File:Rohit_Sharma_November_2016_(cropped).jpg,O3,महेला जयवर्धने,https://commons.wikimedia.org/wiki/File:Mahela_Jayawardene_3.JPG,O24,वानखेड़े स्टेडियम,"मुंबई का वानखेड़े स्टेडियम अतीत में कई हाई-प्रोफ़ाइल क्रिकेट मैचों की मेजबानी कर चुका है, जिसमें सबसे उल्लेखनीय 2011 क्रिकेट विश्व कप फाइनल है, जिसमें भारत ने श्रीलंका को 6 विकेट से हराया था। स्टेडियम सचिन तेंदुलकर के अंतर्राष्ट्रीय करियर के आखिरी मैच का साक्षी भी बना था।",https://commons.wikimedia.org/wiki/File:Wankhede_ICC_WCF.jpg, प्रारम्भिक सीजनों में संघर्ष,2008 - 2009,2008 में वे अंक तालिका में 5 वें स्थान पर रहे। 2009 में वे 7 वें स्थान पर रहे।,आईपीएल 2008,https://en.wikipedia.org/wiki/Indian_Premier_League#/media/File:Indian_Premier_League_Logo.png,2008 का सीज़न इंडियन प्रीमियर लीग का उद्घाटन सत्र था। इसे राजस्थान रॉयल्स ने जीता था।,P19,आईपीएल 2009,https://en.wikipedia.org/wiki/Indian_Premier_League#/media/File:Indian_Premier_League_Logo.png,2009 के सीज़न को दक्षिण अफ्रीका ने होस्ट किया था और डेक्कन चार्जर्स ने जीता था,P20,,,,,मजबूत टीम के रूप में उदय,2010 - 2012,2010 के सीज़न में वे पहली बार फाइनल में पहुंचे जहाँ वे चेन्नई सुपर किंग्स से हारे। 2011 के सीज़न में उन्होंने सेमीफ़ाइनल में जगह बनाई और फिर भारत में आयोजित 2011 चैंपियंस लीग ट्वेंटी 20 जीतने के लिए बैंगलोर को हराया। उन्होंने 2012 के सीज़न में अंक तालिका में तीसरा स्थान हासिल किया,आईपीएल 2010,https://en.wikipedia.org/wiki/Indian_Premier_League#/media/File:Indian_Premier_League_Logo.png,2010 का सीजन चेन्नई सुपर किंग्स ने जीता था,P12,आईपीएल 2011,https://en.wikipedia.org/wiki/Indian_Premier_League#/media/File:Indian_Premier_League_Logo.png,2011 के सीजन को चेन्नई सुपर किंग्स ने लगातार दूसरे सीजन के लिए जीता था।,P13,आईपीएल 2012,https://en.wikipedia.org/wiki/Indian_Premier_League#/media/File:Indian_Premier_League_Logo.png,2012 का सीजन कोलकाता नाइट राइडर्स ने जीता था जिसने फाइनल में गत चैंपियन चेन्नई को हराया था,P21,दूहरा आईपीएल और सीएलटी20 ,2013,"रोहित शर्मा ने टीम का नेतृत्व किया। अनिल कुंबले, जोंटी रोड्स और सचिन तेंदुलकर की अनुभवी सलाह से टीम फाइनल में चेन्नई सुपर किंग्स पर विजयी हुई। उन्होंने चैंपियंस लीग में अपनी जीत का सिलसिला जारी रखा और पर्थ स्कॉर्चर्स को 33 रनों से हराकर खिताब जीता",आईपीएल 2013,https://en.wikipedia.org/wiki/Indian_Premier_League#/media/File:Indian_Premier_League_Logo.png,2013 का सीजन मुंबई इंडियंस ने जीता था,P22,रोहित शर्मा,https://en.wikipedia.org/wiki/Rohit_Sharma#/media/File:Rohit_Sharma_November_2016_(cropped).jpg,रोहित शर्मा को कप्तान बनाया गया,O3,,,,,रिकॉर्ड स्थापित करने का कार्यकाल,2014 - वर्तमान,"“2014 के सीज़न में, मुंबई इंडियंस प्ले-ऑफ में पहुंच गई लेकिन एलिमिनेटर में चेन्नई सुपर किंग्स से हार गई। 2015 के सीजन में उन्होंने चेन्नई सुपर किंग्स को 41 रनों से हराकर अपना दूसरा आईपीएल ख़िताब जीता। 2016 के सीजन को उन्होंने 5वें स्थान पर रहकर खत्म किया। 2017  के सीजन में उन्होंने एक बेहद कांटे के टक्कर में राइजिंग पुणे सुपरजाइंट को हराया,इसे अक्सर आईपीएल इतिहास का सबसे अच्छा मैच और फाइनल कहा जाता है। 2018 के सीजन में वे फिर से अंत में 5वें स्थान पर रहे।",आईपीएल 2014,https://en.wikipedia.org/wiki/Indian_Premier_League#/media/File:Indian_Premier_League_Logo.png,2014 के सीजन की मेजबानी भारत और यूएई ने की थी। कोलकाता नाइट राइडर्स इसका चैंपियन बना था,P23,आईपीएल 2015,https://en.wikipedia.org/wiki/Indian_Premier_League#/media/File:Indian_Premier_League_Logo.png,2015 का सीजन मुंबई इंडियंस ने जीता था।,P24,आईपीएल 2017,https://en.wikipedia.org/wiki/Indian_Premier_League#/media/File:Indian_Premier_League_Logo.png,2017 का सीजन मुंबई इंडियंस ने जीता था,P15,,सचिन तेंदुलकर,सचिन तेंदुलकर को मुंबई के आइकन खिलाड़ी का नाम दिया गया था और वे 2012 के सीज़न तक टीम के कप्तान थे,https://commons.wikimedia.org/wiki/File:Sachin_Tendulkar_at_MRF_Promotion_Event.jpg,रोहित शर्मा,रोहित शर्मा 2013 में मुंबई इंडियंस के कप्तान बने और तब से उन्होंने तीन आईपीएल खिताब में नेतृत्व किया।,https://commons.wikimedia.org/wiki/File:Rohit_Sharma_November_2016_(cropped).jpg,लसिथ मलिंगा,मुंबई इंडियंस के लसिथ मलिंगा  आईपीएल के शुरुआत से ही 150 विकेट लेकर विकेट लेने वाले अग्रणी खिलाड़ी हैं।,https://commons.wikimedia.org/wiki/File:Lasith_Malinga_signing.jpg,,,,ट्रिपल ट्रबल,"2017 का सीज़न जीतने के बाद, मुंबई इंडियंस आईपीएल के इतिहास में 3 आईपीएल खिताब के साथ सबसे सफल टीम बन गई। टूर्नामेंट खेलते हुए उन्होंने अपना 100 वां टी 20 भी जीता, ऐसा करने वाली पहली आईपीएल टीम बन गई।",आईपीएल 2017,P15,,,,,,,,,,,,,https://en.wikipedia.org/wiki/Indian_Premier_League#/media/File:Indian_Premier_League_Logo.png,,,,किट निर्माता,पर्फोमैक्स,https://en.wikipedia.org/wiki/File:Performax_Logo.jpg,शर्ट प्रायोजक,सैमसंग,https://commons.wikimedia.org/wiki/File:Samsung_wordmark.svg,,,,,,
https://en.wikipedia.org/wiki/File:Chennai_Super_Kings_Logo.svg,R5,https://hi.wikipedia.org/wiki/%E0%A4%9A%E0%A5%87%E0%A4%A8%E0%A5%8D%E0%A4%A8%E0%A4%88_%E0%A4%B8%E0%A5%81%E0%A4%AA%E0%A4%B0_%E0%A4%95%E0%A4%BF%E0%A4%82%E0%A4%97%E0%A5%8D%E0%A4%B8,चेन्नई सुपर किंग्स,R5,"2008 में स्थापित चेन्नई सुपर किंग्स (सीएसके) चेन्नई, तमिलनाडु में स्थित एक भारतीय फ्रेंचाइजी क्रिकेट टीम है, जो इंडियन प्रीमियर लीग (आईपीएल) में खेलती है।",चेन्नई,G11,2008,इंडियन प्रीमियर लीग,,,,,,, एम एस धोनी,https://commons.wikimedia.org/wiki/File:Mahendra_Singh_Dhoni_January_2016_(cropped).jpg,O2, स्टीफेन फ्लेमिंग,https://commons.wikimedia.org/wiki/File:Stephen_Fleming_slip.jpg,O22,एम. ए. चिदंबरम स्टेडियम,एम. ए. चिदंबरम स्टेडियम (तमिल: மு. அ. சிதம்பரம் மைதானம்) चेन्नई का एक क्रिकेट स्टेडियम है। स्टेडियम की स्थापना 1916 में हुई थी और यह भारत का तीसरा सबसे पुराना क्रिकेट स्टेडियम है,https://commons.wikimedia.org/wiki/File:Ma_ChidambaramStadium_panaroma.jpg,पहला सीज़न,2008-2009,"जनवरी 2008 में आयोजित आईपीएल के उद्घाटन सत्र के लिए खिलाडियों की पहली नीलामी के दौरान चेन्नई फ्रेंचाइजी ने महेंद्र सिंह धोनी, मैथ्यू हेडन, स्टीफन फ्लेमिंग, मुथैया मुरलीधरन और माइकल मैसी जैसे कई समकालीन स्टार क्रिकेटरों को खरीदा। 2008 के सीज़न में उन्होंने फाइनल में जगह बनाई जहाँ वे राजस्थान रॉयल्स से हारे। 2009 के सीज़न में वे सेमीफाइनल में जाकर टूर्नामेंट से बाहर हुए",आईपीएल 2008,https://en.wikipedia.org/wiki/Indian_Premier_League#/media/File:Indian_Premier_League_Logo.png,2008 का सीज़न इंडियन प्रीमियर लीग का उद्घाटन सत्र था। इसे राजस्थान रॉयल्स ने जीता था।,P19,आईपीएल 2009,https://en.wikipedia.org/wiki/Indian_Premier_League#/media/File:Indian_Premier_League_Logo.png,2009 के सीज़न को दक्षिण अफ्रीका ने होस्ट किया था और डेक्कन चार्जर्स ने जीता था,P20,,,,,आईपीएल और सीएलटी20 डबल,2010,"चेन्नई ने अपना पहला आईपीएल खिताब हासिल किया,जहाँ फाइनल में उन्होंने मुंबई इंडियंस को 22 रन से हराया। फिर उन्होंने जोहान्सबर्ग में सीएलटी20 टूर्नामेंट के फाइनल में शेवरले वारियर्स को हराकर सीएलटी20 जीतने वाली पहली आईपीएल टीम बन गई।",आईपीएल 2010,https://en.wikipedia.org/wiki/Indian_Premier_League#/media/File:Indian_Premier_League_Logo.png,2010 का सीजन चेन्नई सुपर किंग्स ने जीता था,P12,,,,,,,,,विजय फिर पतन,2011-2015,"2011 के सीज़न में चेन्नई ने अपने सभी घरेलू खेलों में जीत हासिल की और आईपीएल की पहली टीम बन गई जिसने यह उपलब्धि हासिल की। ​​उन्होंने इसके बाद रॉयल चैलेंजर्स बैंगलोर को हराकर आईपीएल में लगातार दूसरा खिताब जीता।

2012 के सीज़न में वे फाइनल में कोलकाता नाइट राइडर्स से हारे और खिताब की हैट्रिक से चुक गये।

2013 के सीज़न में उन्हें राजस्थान रॉयल्स ने सेमीफाइनल में हराया ।

2014 के सीज़न में वे आईपीएल से बाहर हो गए, लेकिन तीसरे स्थान पर रहने के कारण, 2014 सीएलटी 20 टूर्नामेंट के मुख्य कार्यक्रम के लिए शामिल हुए और फाइनल में आईपीएल चैंपियन कोलकाता नाइट राइडर्स को हराकर अपना दूसरा सीएलटी 20 खिताब हासिल किया।

2015 के सीज़न में, वे फाइनल में मुंबई के खिलाफ हार गए। ",आईपीएल 2011,https://en.wikipedia.org/wiki/Indian_Premier_League#/media/File:Indian_Premier_League_Logo.png,2011 के सीजन को चेन्नई सुपर किंग्स ने लगातार दूसरा सीजन जीता था।,P13,आईपीएल 2014,https://en.wikipedia.org/wiki/Indian_Premier_League#/media/File:Indian_Premier_League_Logo.png,2014 के सीजन की मेजबानी भारत और यूएई ने की थी। कोलकाता नाइट राइडर्स चैंपियन बना था ,P23,आईपीएल 2015,https://en.wikipedia.org/wiki/Indian_Premier_League#/media/File:Indian_Premier_League_Logo.png,2015 का सीजन मुंबई इंडियंस ने जीता था।,P24,एक विजयी वापसी!,2018 - वर्तमान,"2013 के आईपीएल सट्टेबाजी मामले में अपने मालिकों की कथित संलिप्तता के लिए जुलाई 2015 से शुरू होने वाले आईपीएल से दो साल के निलंबन के बाद सुपर किंग्स 2018 में लीग में लौट आया, वापसी के सीजन की चैम्पियनशिप जीतने के साथ ही इसने अपना तीसरा चैम्पियनशिप जीता।",आईपीएल 2018,https://en.wikipedia.org/wiki/Indian_Premier_League#/media/File:Indian_Premier_League_Logo.png,2018 का IPL सीजन चेन्नई सुपर किंग्स ने जीता था।,,,,,,,,,,,सुरेश रैना,सुरेश रैना सुपर किंग्स के लिए अग्रणी रन स्कोरर हैं,https://commons.wikimedia.org/wiki/File:Suresh_Raina1.jpg, एम एस धोनी,महेंद्र सिंह धोनी आईपीएल जीतने वाले पहले भारतीय कप्तान हैं।,https://commons.wikimedia.org/wiki/File:Dhoni_at_Reebok_event.jpg,,,,,,,ट्रिपल ट्रबल! ,"सुपर किंग्स ने आईपीएल का खिताब तीन बार (2010, 2011 और 2018 में) जीता है और आईपीएल टूर्नामेंट की सबसे अधिक जीत के साथ मुंबई इंडियंस के साथ समान स्थान पर है।",मुंबई इंडियंस,R7,,,,,,,,,,,,,https://en.wikipedia.org/wiki/Mumbai_Indians#/media/File:Mumbai_Indians_Logo.svg,,,,किट निर्माता, सेवेन,https://en.wikipedia.org/wiki/File:Logo_of_seven_brand.png,शर्ट प्रायोजक,मुथूट ग्रुप,https://commons.wikimedia.org/wiki/File:Muthoot-finance-logo.png,,,,,,
https://en.wikipedia.org/wiki/File:Royal_Challengers_Bangalore_Logo_2016.svg,R6,https://hi.wikipedia.org/wiki/%E0%A4%B0%E0%A5%89%E0%A4%AF%E0%A4%B2_%E0%A4%9A%E0%A5%88%E0%A4%B2%E0%A5%87%E0%A4%82%E0%A4%9C%E0%A4%B0%E0%A5%8D%E0%A4%B8_%E0%A4%AC%E0%A5%88%E0%A4%82%E0%A4%97%E0%A4%B2%E0%A5%8C%E0%A4%B0,रॉयल चैलेंजर्स बैंगलोर,R6,"रॉयल चैलेंजर्स बैंगलोर, बैंगलोर,कर्नाटक में स्थित एक फ्रेंचाइजी क्रिकेट टीम है, जो इंडियन प्रीमियर लीग (आईपीएल) में खेलती है।",बैंगलोर,G1,2008,इंडियन प्रीमियर लीग,,,,,,,विराट कोहली,https://commons.wikimedia.org/wiki/File:Virat..Kohli.jpg,,गैरी कर्स्टन,https://commons.wikimedia.org/wiki/File:GaryKirsten.jpg,O23,एम. चिन्नास्वामी स्टेडियम,यह चार दशक पुराना स्टेडियम बेंगलुरु शहर के मध्य में स्थित है,https://commons.wikimedia.org/wiki/File:Chinnaswamy_Stadium_MI_vs_RCB.jpg,प्रारंभिक सीजन,2008-2010,"टीम ने उद्घाटन सीजन में 14 में से केवल 4 मैच जीते और आठ टीमों की तालिका में सातवां स्थान हासिल किया।

2009 के सीज़न में वे फाइनल में पहुँचने में सफल रहे जहाँ एक बेहद दिलचस्प मैच में डेक्कन चार्जर्स से छह रन से हार गए।

2010 के सीज़न में रॉयल चैलेंजर्स को सेमीफाइनल में शीर्षस्थ मुंबई इंडियंस ने 35 रनों से हराया।          ",आईपीएल 2008,https://en.wikipedia.org/wiki/File:Indian_Premier_League_Logo.png,,P19,आईपीएल 2009,https://en.wikipedia.org/wiki/Indian_Premier_League#/media/File:Indian_Premier_League_Logo.png,,P20,आईपीएल 2010,https://en.wikipedia.org/wiki/2010_Indian_Premier_League,,,गेल-कोहली-डिविलियर्स युग,2011–2017,"2011 की नीलामी में, रॉयल चैलेंजर्स ने अपने केवल एक खिलाड़ी विराट कोहली को बरकरार रखा। वेस्टइंडीज के बल्लेबाज क्रिस गेल और दक्षिण अफ्रीकी बल्लेबाज ए बी डिविलियर्स को लाया गया।

2011 के सीज़न में रॉयल चैलेंजर्स ने फाइनल के लिए क्वालीफाई किया लेकिन अपने घरेलू मैदान पर वे चेन्नई से हार गए।

2012 के सीज़न में हैदराबाद में आरसीबी के अंतिम खेल में  उनकी बल्लेबाजी की विफलता ने टीम के अभियान को समाप्त कर दिया, जिससे 2009 के बाद पहली बार ऐसा हुआ कि वे प्ले-ऑफ़ और चैंपियंस लीग दोनों के लिए क्वालीफाई करने में असफल रहे।

2013 के सीज़न में उन्होंने फिर से प्लेऑफ़ के लिए क्वालीफाई नहीं किया।

2014 सीज़न में, वे अंक तालिका में 7 वें स्थान पर रहे और प्लेऑफ़ के लिए क्वालीफाई नहीं किया।

2015 के सीज़न में वे क्वालिफायर 2 में चेन्नई सुपर किंग्स से हार गए और तीसरे स्थान पर रहे।

2016 के सीज़न में, उन्होंने एसआरएच के खिलाफ फिर से बेंगलुरु में फाइनल खेला। आईपीएल के इस नौवें सीजन में उपविजेता बनने के लिए आरसीबी ने 8 रन से एक कठिन मुकाबला लड़ा।

2017 के सीज़न में, वे 10 हार और 3 जीत के साथ तालिका में सबसे नीचे रहे।

2018 सीज़न में, वे प्लेऑफ़ के लिए आगे नहीं बढ़े।
",,https://en.wikipedia.org/wiki/2011_Indian_Premier_League,2011-2017,,आईपीएल 2015,https://en.wikipedia.org/wiki/2015_Indian_Premier_League,,,आईपीएल 2016,https://en.wikipedia.org/wiki/2016_Indian_Premier_League,,,,,,,,,,,,,,,,,,,,,,,,,,,,,,,,,,विराट कोहली,विराट कोहली ने 2016 में एक आईपीएल सीजन में सर्वाधिक रन (973) का रिकॉर्ड बनाया।,https://commons.wikimedia.org/wiki/File:Virat_Kohli_at_the_2015_IPL_opening_ceremony_(cropped).jpg,राहुल द्रविड़,राहुल द्रविड़ 2008 में टीम के आइकन खिलाड़ी थे।,https://commons.wikimedia.org/wiki/File:Rahul_dravid_Bangalore_Royal_Challengers_(cropped).jpg,,,,,,,गेल स्टॉर्म!,"पुणे वॉरियर्स के खिलाफ एक एकल मैच में क्रिस गेल ने 66 गेंदों पर 175 रनों का स्कोर बनाया, जो कि टी20 क्रिकेट में सर्वोच्च व्यक्तिगत स्कोर था और आरसीबी ने 263-5 का स्कोर बनाया जो कि टी20 क्रिकेट में सबसे अधिक था।",आईपीएल 2013,P22,"जो ऊपर जाता है, वह नीचे भी आता है!","कोलकाता नाइट राइडर्स के खिलाफ अपने खेल में उन्हें 49 के स्कोर पर आउट किया, जो कि आईपीएल का सबसे कम स्कोर है और उनका कोई भी बल्लेबाज 10 रन भी नहीं बना सका।",आईपीएल 2017,P15,,,,,,,,,https://en.wikipedia.org/wiki/2013_Indian_Premier_League,https://en.wikipedia.org/wiki/2017_Indian_Premier_League,,,ज़ेवेन स्पोर्ट्स,किट निर्माता,,शर्ट प्रायोजक (सामने),रोग्न,https://d3tdx3c7l2rexw.cloudfront.net/static/img/uspl/home/wrogn-b.png,शर्ट प्रायोजक (पीठ),पिल्सबरी कुकी केक,https://en.wikipedia.org/wiki/File:Pillsbury_logo.svg,शर्ट प्रायोजक (सामने),वाल्वोलिन,https://commons.wikimedia.org/wiki/File:Valvoline.gif
https://en.wikipedia.org/wiki/File:Australia_cricket_logo.svg,R2,https://hi.wikipedia.org/wiki/%E0%A4%91%E0%A4%B8%E0%A5%8D%E0%A4%9F%E0%A5%8D%E0%A4%B0%E0%A5%87%E0%A4%B2%E0%A4%BF%E0%A4%AF%E0%A4%BE_%E0%A4%B0%E0%A4%BE%E0%A4%B7%E0%A5%8D%E0%A4%9F%E0%A5%8D%E0%A4%B0%E0%A5%80%E0%A4%AF_%E0%A4%95%E0%A5%8D%E0%A4%B0%E0%A4%BF%E0%A4%95%E0%A5%87%E0%A4%9F_%E0%A4%9F%E0%A5%80%E0%A4%AE,ऑस्ट्रेलिया क्रिकेट टीम,R2,"ऑस्ट्रेलिया की राष्ट्रीय क्रिकेट टीम टेस्ट क्रिकेट इतिहास की संयुक्त सबसे पुरानी टीम है, जिसने 1877 में पहली बार टेस्ट मैच खेला था।",ऑस्ट्रेलिया,G4,1877,क्रिकेट ऑस्ट्रेलिया,टिम पेन,https://commons.wikimedia.org/wiki/File:Tim_Paine.jpg,,आरोन फिंच,https://commons.wikimedia.org/wiki/File:Aaron_Finch.jpg,,आरोन फिंच,https://commons.wikimedia.org/wiki/File:Aaron_Finch.jpg,,जस्टिन लैंगर,https://commons.wikimedia.org/wiki/File:Justin_Langer_Portrait.png,SF24,मेलबर्न क्रिकेट ग्राउंड,"मेलबर्न क्रिकेट ग्राउंड (एमसीजी), जिसे साधारणतया ""द जी"", [4] के रूप में भी जाना जाता है, यर्रा पार्क, मेलबोर्न, विक्टोरिया में स्थित एक ऑस्ट्रेलियाई खेल स्टेडियम है। मेलबर्न क्रिकेट क्लब का यह घर, दुनिया का 10 वां सबसे बड़ा, ऑस्ट्रेलिया का सबसे बड़ा, दक्षिणी गोलार्ध में सबसे बड़ा स्टेडियम है, यह क्षमता में सबसे बड़ा क्रिकेट मैदान है और इसमें किसी भी खेल स्थल में लगा सबसे ऊंचा लाइट टावर है।",https://en.wikipedia.org/wiki/Melbourne_Cricket_Ground#/media/File:2017_AFL_Grand_Final_panorama_during_national_anthem.jpg,आरंभिक इतिहास,1876-1890,"ऑस्ट्रेलियाई क्रिकेट टीम ने एमसीजी में 1877 में पहले टेस्ट मैच में भाग लिया, जिसमें इंगलिश टीम को 45 रनों से हराया;  चार्ल्स बैनरमैन ने पहला टेस्ट शतक बनाया, जो 165 रन पर रिटायर्ड हर्ट हुए।",-,,,,-,,,,,,,,स्वर्ण युग,1890-1900,"ऑस्ट्रेलियाई टेस्ट क्रिकेट का तथाकथित 'स्वर्ण युग' 19 वीं सदी के अंत और 20 वीं सदी की शुरुआत के आसपास था जिसमें डार्लिंग, मोंटी नोबल और क्लेम हिल की कप्तानी वाली टीम ने दस में से आठ मैच जीते।",,,,,,,,,,,,,ब्रैडमैन युग,1930-31-1945,"1930 के इंग्लैंड दौरे ने ऑस्ट्रेलियाई टीम के लिए सफलता के नए युग की शुरुआत की। बिल वुडफुल - ""द ग्रेट अन-बोलेबल"" के नेतृत्व वाली टीम - जिसमें बिल पोंसफोर्ड, स्टेन मैककेबे, क्लेरी ग्रिमेट जैसी किंवदतियाँ और आर्ची जैक्सन और डॉन ब्रैडमैन की युवा जोड़ी शामिल थीं।",,,,,,,,,,,,,द्वितीय विश्व युद्ध के बाद क्रिकेट,1945-46-1960,"टीम ने दूसरे विश्व युद्ध की समाप्ति के बाद अपनी सफलता जारी रखी, जिसमें पहला टेस्ट (न्यूजीलैंड के खिलाफ ऑस्ट्रेलिया का भी पहला) न्यूजीलैंड के खिलाफ 1945-46 सीज़न में खेला गया था। ऑस्ट्रेलिया 1940 के दशक की सबसे सफल टीम थी, यह पूरे दशक में अपराजित रही,इसने  इंग्लैंड के खिलाफ दो एशेज श्रृंखला और भारत के खिलाफ अपनी पहली टेस्ट श्रृंखला जीती।",,,,,,,,,,,,,,डेविड वार्नर,डेविड एंड्रयू वार्नर (जन्म 27 अक्टूबर 1986) एक ऑस्ट्रेलियाई अंतर्राष्ट्रीय क्रिकेटर और सीमित ओवरों के क्रिकेट में ऑस्ट्रेलियाई राष्ट्रीय टीम के पूर्व कप्तान हैं।,https://commons.wikimedia.org/wiki/File:DAVID_WARNER_(11704782453).jpg,ग्लेन मैकग्रा,ग्लेन डोनाल्ड मैकग्रा एक तेज-मध्यम गति के गेंदबाज थे और क्रिकेट इतिहास के सबसे महान गेंदबाजों में से एक माने जाते हैं,"https://commons.wikimedia.org/wiki/File:Glenn_McGrath_in_Circular_Quay,_Sydney,_Australia,_2018-02-03.jpg",जस्टिन लैंगर,"बाएं हाथ के बल्लेबाज लैंगर को 2000 के दशक के शुरुआत और मध्य के दौरान ऑस्ट्रेलिया के टेस्ट सलामी बल्लेबाज के रूप में मैथ्यू हेडन के साथ साझेदारी के लिए सबसे अधिक जाना जाता है, जिन्हें अब तक के सबसे सफल सलामी जोड़ी में से एक माना जाता है।",https://commons.wikimedia.org/wiki/File:Justin_Langer_Portrait.png,शेन वार्न,शेन कीथ वार्न एक ऑस्ट्रेलियाई क्रिकेट कमेंटेटर और पूर्व क्रिकेटर और ऑस्ट्रेलियाई राष्ट्रीय टीम के एकदिवसीय कप्तान हैं। व्यापक रूप से खेल के इतिहास में सबसे महान गेंदबाजों में से एक माना जाता है,https://commons.wikimedia.org/wiki/File:Shane_Warne_February_2015.jpg,1987 विश्व कप जीत,"यह प्रतियोगिता ऑस्ट्रेलिया द्वारा पहली बार जीती गई थी, जब उसने अपने कट्टर प्रतिद्वंद्वी इंग्लैंड को कोलकाता के ईडन गार्डन्स स्टेडियम में आज तक के सबसे करीबी फाइनल मुकाबले में सात रन से हराया था।",1987 क्रिकेट विश्व कप,P16,1999 क्रिकेट विश्व कप,"टूर्नामेंट ऑस्ट्रेलिया ने जीता था, जिसने लंदन के लॉर्ड्स क्रिकेट ग्राउंड पर फाइनल में पाकिस्तान को 8 विकेट से हराया था। न्यूजीलैंड और दक्षिण अफ्रीका अन्य सेमीफाइनलिस्ट थे।",1999 क्रिकेट विश्व कप,P4,2003 क्रिकेट की दुनिया,"यह टूर्नामेंट अंततः ऑस्ट्रेलिया ने जीता था जिसने अपने सभी 11 मैच जीते थे, जोहान्सबर्ग के वांडरर्स स्टेडियम में खेले गए फाइनल में उन्होंने भारत को हराया ",2003 क्रिकेट विश्व कप,P5,2015 क्रिकेट विश्व कप,ऑस्ट्रेलिया ने न्यूजीलैंड को 7 विकेट से हराकर अपना पांचवां आईसीसी क्रिकेट विश्व कप जीता।,2015 क्रिकेट विश्व कप,,https://en.wikipedia.org/wiki/1987_Cricket_World_Cup,https://en.wikipedia.org/wiki/1999_Cricket_World_Cup,https://en.wikipedia.org/wiki/2003_Cricket_World_Cup,https://en.wikipedia.org/wiki/2015_Cricket_World_Cup,आसिक्स ,किट निर्माता,https://en.wikipedia.org/wiki/File:Asics.svg,टीम प्रायोजक,एलिंटा एनर्जी,https://en.wikipedia.org/wiki/File:Alinta_Energy_(full_colour)_logo.jpg,टीम प्रायोजक, क्वांटास,https://en.wikipedia.org/wiki/File:Qantas_Airways_logo_2016.svg,,,
https://en.wikipedia.org/wiki/File:England_cricket_team_logo.svg,R4,https://hi.wikipedia.org/wiki/%E0%A4%87%E0%A4%82%E0%A4%97%E0%A5%8D%E0%A4%B2%E0%A5%88%E0%A4%82%E0%A4%A1_%E0%A4%95%E0%A5%8D%E0%A4%B0%E0%A4%BF%E0%A4%95%E0%A5%87%E0%A4%9F_%E0%A4%9F%E0%A5%80%E0%A4%AE,इंग्लैंड क्रिकेट टीम,R4,इंग्लैंड क्रिकेट टीम अंतरराष्ट्रीय क्रिकेट में इंग्लैंड और वेल्स का प्रतिनिधित्व करती है। इंग्लैंड और ऑस्ट्रेलिया 1877 में टेस्ट मैच खेलने वाली पहली टीमें थीं। ,इंगलैंड,G10,1877,इंग्लैंड और वेल्स क्रिकेट बोर्ड,जो रूट,https://commons.wikimedia.org/wiki/File:England_Cricket_Team_-_The_Ashes_Trent_Bridge_2015_(20417951192)_(root_cropped)_(cropped).jpg,,इयोन मॉर्गन,https://commons.wikimedia.org/wiki/File:Eoin_Morgan_2013.jpg,,इयोन मॉर्गन,https://commons.wikimedia.org/wiki/File:Eoin_Morgan_2013.jpg,,ट्रेव्हर बेलिस,,SF49,लॉर्ड्स,"व्यापक रूप से होम ऑफ क्रिकेट के रूप में जाना जाने वाला यह मिडलसेक्स काउंटी क्रिकेट क्लब, इंग्लैंड एंड वेल्स क्रिकेट बोर्ड (ईसीबी), और यूरोपीय क्रिकेट परिषद (ईसीसी) का घर है।",https://commons.wikimedia.org/wiki/File:Lords-Cricket-Ground-Pavilion-06-08-2017.jpg,प्रारंभिक भ्रमण,1859-1880,"पहला विदेशी दौरा सितंबर 1859 में इंग्लैंड ने उत्तरी अमेरिका के दौरे के साथ किया। इस टीम में ऑल-इंग्लैंड इलेवन के छह खिलाड़ी थे, यूनाइटेड ऑल-इंग्लैंड इलेवन के छह और इसके कप्तान जॉर्ज पार्र थे।

1880 में अंग्रेजी धरती पर इंग्लैंड ने अपना पहला टेस्ट मैच जीता; यह पहली बार था जब इंग्लैंड ने  अपनी पूरी प्रतिनिधिक टीम को मैदान पर उतारा,इस टीम में डब्ल्यू. जी. ग्रेस भी शामिल थे।",,,,,,,,,,,,,1970 का समय,1970-1980,"1970 के दशक को इंग्लैंड टीम के लिए मोटे तौर पर तीन भागों में विभाजित किया जा सकता है। 70 के दशक के शुरुआती दिनों में रे इलिंगवर्थ के दल का विश्व क्रिकेट में दबदबा था। 1970 के दशक के मध्य में वे बड़े अधिक असंतुलित थे। इंग्लैंड की टीम बढती उम्र और तेज गेंदबाजी की कमी 1974-75 में ऑस्ट्रेलियाई खिलाड़ियों के खिलाफ बुरी तरह से उजागर हुई जहाँ वे एशेज श्रृंखला 4-1 से हार गये। 1977-80 के टीम में कुछ युवा खिलाड़ी थे जो बाद में इंग्लैंड के महान खिलाड़ी बने,",,,,,,,,,,,,,2000 के दशक,2000-2010,"माइकल वॉन ने खिलाड़ियों के साथ खुद को व्यक्त करने के लिए प्रोत्साहित किया। इंग्लैंड ने 2005 की एशेज श्रृंखला में ऑस्ट्रेलिया का सामना करने से पहले लगातार पांच टेस्ट सीरीज जीती, जिससे टीम आईसीसी टेस्ट चैम्पियनशिप तालिका में दूसरे स्थान पर रही।

2009 एशेज सीरीज़ का पहला टेस्ट मैच वेल्स के सोफिया गार्डन, कार्डिफ़ में खेला गया था। गेंदबाज जेम्स एंडरसन और मोंटी पनेसर के आखिरी विकेट के साझेदारी की बदौलत इंग्लैंड ने मैच ड्रॉ कराया। ओवल में श्रृंखला का फैसला होने से पहले प्रत्येक टीम ने एक जीत दर्ज़ की थी। स्टुअर्ट ब्रॉड और ग्रीम स्वान की उम्दा गेंदबाजी और जोनाथन ट्रॉट के डेब्यू शतक की बदौलत इंग्लैंड ने एशेज हासिल किया। ”",,,,,,,,,,,,,2010 का दशक,2010 - वर्तमान,"इंग्लैंड ने अपना पहला आईसीसी विश्व चैंपियनशिप 2010 में बारबाडोस में ऑस्ट्रेलिया पर सात विकेट से जीत के साथ विश्व ट्वेंटी 20 के रूप में जीता।

आईसीसी चैंपियंस ट्रॉफी को उपविजेता के रूप में समाप्त करने के बाद, इंग्लैंड ने एक के बाद एक एशेज श्रृंखला में ऑस्ट्रेलिया का सामना किया। 3-0 की घरेलू जीत ने इंग्लैंड को पांच सीरीज में चौथी बार ट्रॉफी दिला दिया। हालांकि वापसी श्रृंखला में वे  5-0 की हार से पूरी तरह से ध्वस्त हो गए, एक दशक में यह उनका दूसरा एशेज व्हाइटवॉश था। ",,,,,,,,,,,,,,जोस बटलर,वह वर्तमान में इंग्लैंड क्रिकेट टीम के उप-कप्तान हैं।,https://commons.wikimedia.org/wiki/File:Jos_Buttler_2017.jpg,बेन स्टोक्स, उन्होंने इंग्लैंड के लिए सबसे तेज दोहरे टेस्ट शतक का रिकॉर्ड बनाया,https://commons.wikimedia.org/wiki/File:BEN_STOKES_(11704837023)_(cropped).jpg,जो रूट,वह इंग्लैंड टेस्ट टीम के वर्तमान कप्तान हैं। उन्हें अक्सर दुनिया के सर्वश्रेष्ठ बल्लेबाजों में से एक माना जाता है।,https://commons.wikimedia.org/wiki/File:Justin_Langer_Portrait.png,इयोन मॉर्गन,वे इतिहास में केवल दो खिलाड़ियों में से पहले हैं जिन्होंने दो देशों के लिए एकदिवसीय शतक बनाया है और,https://commons.wikimedia.org/wiki/File:Eoin_Morgan_2013.jpg,1987 विश्व कप,कोलकाता के ईडन गार्डन्स स्टेडियम में आज तक के सबसे करीबी विश्व कप फाइनल मुकाबले में इंग्लैंड को अपने चिर प्रतिद्वंद्वी ऑस्ट्रेलिया से सात रनों से हार का सामना करना पड़ा।,1987 विश्व कप,P16,1992 विश्व कप,1992 के क्रिकेट विश्व कप में इंग्लैंड द्वारा एक मजबूत प्रदर्शन जिसमें इंग्लैंड की टीम लगातार दूसरे विश्व कप में उपविजेता के रूप में अंत किया। ,1992 विश्व कप,P17,2010 टी 20 विश्व कप,"इसे इंग्लैंड ने जीता था, जिसने फाइनल में ऑस्ट्रेलिया को हराया था। केविन पीटरसन को टूर्नामेंट के खिलाड़ी के रूप में नामित किया गया था।",टी 20 विश्व कप,P9,,,,,https://en.wikipedia.org/wiki/1987_Cricket_World_Cup,https://en.wikipedia.org/wiki/1992_Cricket_World_Cup,https://en.wikipedia.org/wiki/ICC_T20_World_Cup,,न्यू बैलेंस,किट निर्माता,https://commons.wikimedia.org/wiki/File:New_Balance_logo.svg,शर्ट प्रायोजक,नेटवेस्ट,https://en.wikipedia.org/wiki/File:Natwest_logo.svg,,,,,,
https://en.wikipedia.org/wiki/West_Indies_cricket_team#/media/File:West_indies_cricket_board_flag.png,R3,https://hi.wikipedia.org/wiki/%E0%A4%B5%E0%A5%87%E0%A4%B8%E0%A5%8D%E0%A4%9F%E0%A4%87%E0%A4%82%E0%A4%A1%E0%A5%80%E0%A4%9C%E0%A4%BC_%E0%A4%95%E0%A5%8D%E0%A4%B0%E0%A4%BF%E0%A4%95%E0%A5%87%E0%A4%9F_%E0%A4%9F%E0%A5%80%E0%A4%AE,वेस्टइंडीज क्रिकेट टीम,R3,"वेस्टइंडीज क्रिकेट टीम, जिसे परंपरागत रूप से विंडीज के रूप में जाना जाता है, एक बहु-राष्ट्रीय क्रिकेट टीम है, जो एंग्लोफोन कैरेबियन क्षेत्र का प्रतिनिधित्व करती है और क्रिकेट वेस्ट इंडीज द्वारा प्रशासित है। इस मिश्रित टीम के खिलाड़ियों का चयन पंद्रह कैरेबियाई क्षेत्रों की श्रृंखला से किया जाता है",एंग्लोफोन कैरेबियन क्षेत्र,SF98,1928,क्रिकेट वेस्ट इंडीज,क्रैग ब्रेथवेट,,,रोवमैन पॉवेल,,,जेसन होल्डर,,,फ्लोयड रिफ़र,,SF40,क्वींस पार्क ओवल,"क्वींस पार्क ओवल ने कैरेबियाई मैदान के किसी भी मैदान की तुलना में सबसे अधिक टेस्ट मैचों की मेजबानी की है और पहली बार 1930 में एक टेस्ट मैच की मेजबानी की। इस मैदान को क्रिकेट की दुनिया में सबसे सुरम्य स्थलों में से एक माना जाता है, जहाँ से त्रिनिदाद की उत्तरी तट की सीमा दिखती है।",https://commons.wikimedia.org/wiki/File:Queens_Park_Oval_Trinidad.jpg,आरंभिक इतिहास,1880s - 1970s,"वेस्टइंडीज क्रिकेट टीम का इतिहास 1890 के दशक में शुरू हुआ, जब पहले प्रतिनिधिक दल को इंग्लैंड का दौरा करने के लिए चुना गया। डब्ल्यूआईसीबी  1926 में खेल के अंतरराष्ट्रीय शासक निकाय, इंपीरियल क्रिकेट कॉन्फ्रेंस में शामिल हुआ और अपना पहला आधिकारिक अंतरराष्ट्रीय मैच खेला। इन्हें 1928 में टेस्ट का दर्जा मिला।

वेस्टइंडीज ने 29 जून 1950 को लॉर्ड्स में पहली बार इंग्लैंड को हराया और 16 अगस्त 1950 को द ओवल में जीत हासिल करने के साथ ही 3-1 से सीरीज़ जीत ली। हालांकि ",,,,,,,,,,,,,विश्व विजेता,1970s to 1990s.,"1970 के दशक के अंत त क्लाइव लॉयड की अगुवाई में वेस्ट इंडीज को अनौपचारिक विश्व चैंपियन के रूप में माना जाता था, एक ऐसा सम्मान जिसे उन्होंने 1980 के दशक तक बनाए रखा था। [19] इन शानदार वर्षों के दौरान वेस्टइंडीज को चार-चार तेज गेंदबाजी आक्रमण के लिए जाना जाता था, साथ ही इस दल में दुनिया के कुछ सर्वश्रेष्ठ बल्लेबाज थे। उन्होंने पहले 2 विश्व कप जीते। 1980 के दशक ने उन्हें 1984 में लगातार 11 टेस्ट जीत का रिकॉर्ड बनाया, जो 27 टेस्ट में बिना हार के रहने (अन्य टेस्ट ड्रॉ ) का अटूट रिकॉर्ड है।",1975 क्रिकेट विश्व कप,https://en.wikipedia.org/wiki/1975_Cricket_World_Cup,,,1979 क्रिकेट विश्व कप,https://en.wikipedia.org/wiki/1979_Cricket_World_Cup,,,,,,,पतन और उत्थान,1990s - Present,"1990 और 2000 के दशक मे वेस्ट इंडियन क्रिकेट में गिरावट आई, जो काफी हद तक खेल को एक शौकिया खेल से एक पेशेवर खेल तक ले जाने में वेस्ट इंडियन क्रिकेट बोर्ड की असफलता के कारण थी। 2004 की चैंपियंस ट्रॉफी में जीत और 2006 की चैंपियंस ट्रॉफी में रनर-अप होने ने कुछ उम्मीद जगाई फिर उन्होंने  और फिर श्रीलंका में आयोजित 2012 विश्व ट्वेंटी 20 में ऑस्ट्रेलिया को हराया और 1979 विश्व कप के बाद अपनी पहली आईसीसी विश्व चैंपियनशिप जीतने के लिए सर्वश्रेष्ठ प्रदर्शन किया, इंग्लैंड को 2016 विश्व ट्वेंटी 20 में हराकर वह दो बार विश्व ट्वेंटी 20 जीतने वाली पहली टीम बन गयी",आईसीसी चैंपियंस ट्रॉफी,https://en.wikipedia.org/wiki/ICC_Champions_Trophy,,,आईसीसी टी 20 विश्व कप,https://en.wikipedia.org/wiki/ICC_T20_World_Cup,,,,,,,,,,,,,,,,,,,,,,,डैरेन सैमी," दोनों विश्व टी 20 में सैमी के  कप्तानी में जीते गए, जिससे वह क्लाइव लॉयड के अलावा कई आईसीसी टूर्नामेंट जीतने वाले वेस्टइंडीज के एकमात्र कप्तान बन गए।","https://commons.wikimedia.org/wiki/File:Darren_Sammy,_2010.jpg",विव रिचर्ड्स,"विव रिचर्ड्स, जिनकी 121 मैचों में 50.23 की टेस्ट बल्लेबाजी औसत है, उन्होंने 1985-86 से 1991 तक वेस्टइंडीज की कप्तानी की, एक ऐसी अवधि जिसमें वेस्ट इंडीज दुनिया में सबसे अच्छी टेस्ट मैच टीम थी।",https://commons.wikimedia.org/wiki/File:Vivian_richards_crop.jpg,ब्रायन लारा,ब्रायन लारा के नाम टेस्ट क्रिकेट में सर्वाधिक स्कोर का विश्व रिकॉर्ड है,https://commons.wikimedia.org/wiki/File:BrianLaraUkexpat.jpg,,,,उद्घाटन विश्व कप विजेता,वेस्ट इंडीज ने उद्घाटन विश्व कप जीता,1979 विश्व कप,P27,एक के बाद एक!,वेस्टइंडीज लगातार 2 विश्व कप जीतने वाली पहली टीम है,1975 विश्व कप,P26,टी 20 चैंपियंस,"उन्होंने आईसीसी टी 20 विश्व कप जीतने के लिए फाइनल में श्रीलंका को हराया।            2007 में भारत के बाद सभी तीन आईसीसी वैश्विक ट्रॉफी - विश्व कप, चैंपियंस ट्रॉफी और विश्व ट्वेंटी 20 जीतने वाली वे दूसरी टीम बन गए ”",आईसीसी टी 20 विश्व कप,P9,टी 20 चैंपियंस .. फिर से!,"उन्होंने 2016 विश्व ट्वेंटी 20 जीतने के लिए इंग्लैंड को हराया, इस प्रकार वे दो बार विश्व ट्वेंटी 20 जीतने वाली पहली टीम बन गए। एक अतिरिक्त बोनस के रूप में, वे एक ही दिन पुरुष और महिला विश्व ट्वेंटी 20 दोनों  जीतने वाले पहली टीम बन गए, क्योंकि महिला टीम ने ऑस्ट्रेलिया को उनके ठीक पहले आईसीसी विश्व खिताब के लिए हरा दिया।",आईसीसी टी 20 विश्व कप,,https://en.wikipedia.org/wiki/1975_Cricket_World_Cup,https://en.wikipedia.org/wiki/1975_Cricket_World_Cup,https://en.wikipedia.org/wiki/ICC_T20_World_Cup,https://en.wikipedia.org/wiki/ICC_T20_World_Cup,बीएलके,किट निर्माता,https://en.wikipedia.org/wiki/File:Beyond_Limits_Known_logo.svg,शर्ट प्रायोजक, डिजिसेल ,https://en.wikipedia.org/wiki/File:Digicel_logo.svg,,,,,,
https://en.wikipedia.org/wiki/File:PakistanCricketLogo.png,R8,https://hi.wikipedia.org/wiki/%E0%A4%AA%E0%A4%BE%E0%A4%95%E0%A4%BF%E0%A4%B8%E0%A5%8D%E0%A4%A4%E0%A4%BE%E0%A4%A8_%E0%A4%B0%E0%A4%BE%E0%A4%B7%E0%A5%8D%E0%A4%9F%E0%A5%8D%E0%A4%B0%E0%A5%80%E0%A4%AF_%E0%A4%95%E0%A5%8D%E0%A4%B0%E0%A4%BF%E0%A4%95%E0%A5%87%E0%A4%9F_%E0%A4%9F%E0%A5%80%E0%A4%AE,पाकिस्तान की राष्ट्रीय क्रिकेट टीम ,R8,"पाकिस्तान की पुरुषों की राष्ट्रीय क्रिकेट टीम, जो शाहीन्स ग्रीन शर्ट्स और मैन इन ग्रीन के रूप में प्रसिद्घ है, उसका संचालन पाकिस्तान क्रिकेट बोर्ड (पीसीबी) द्वारा किया जाता है। टीम अंतर्राष्ट्रीय क्रिकेट परिषद की पूर्ण सदस्य है और टेस्ट, वनडे और टी-20 अंतर्राष्ट्रीय क्रिकेट मैचों में हिस्सा लेती है।",पाकिस्तान,G5,1952,पाकिस्तान क्रिकेट बोर्ड,सरफराज अहमद,,,सरफराज अहमद,,,सरफराज अहमद,,,मिकी आर्थर,https://commons.wikimedia.org/wiki/File:Mickey_Arthur.jpg,SF44,"नेशनल स्टेडियम, कराची","पाकिस्तान के कराची स्थित नेशनल स्टेडियम में 34,228 दर्शकों के बैठने की क्षमता है",https://commons.wikimedia.org/wiki/File:Nat_Std01.JPG,स्वतंत्रता पूर्व,1935,"कराची में पहला अंतरराष्ट्रीय क्रिकेट मैच 22 नवंबर, 1935 को सिंध और ऑस्ट्रेलियाई क्रिकेट टीम के बीच आयोजित किया गया था। मैच को 5,000 दर्शकों ने देखा था।",,,,,,,,,,,,,1986 ऑस्ट्रल-एशिया कप,1986,वर्ष 1986 का ऑस्ट्रल-एशिया कप संयुक्त अरब अमीरात के शारजाह में खेला गया था। उसे पाकिस्तान की भारत के खिलाफ अंतिम गेंद पर मिली प्रसिद्घ जीत के लिए याद किया जाता है। इसमें जावेद मियादाद एक राष्ट्रीय नायक के रूप में सामने आए थे।,,,,,,,,,,,,,क्रिकेट विश्व कप- 1992,1992,वर्ष 1992 में ऑस्ट्रेलिया और न्यूजीलैंड में आयोजित क्रिकेट विश्व कप में पाकिस्तान ने पहली बार विश्व कप जीता था।,1992 क्रिकेट विश्व कप,,,P17,,,,,,,,,2009 आईसीसी टी20 विश्व कप,2009,पाकिस्तान ने फाइनल में श्रीलंका को हराकर 1992 में इमरान खान के बाद से अपना पहला विश्व खिताब जीता,,,,P9,,,,,,,,,#VALUE!,शोएब मलिक,"1 जुलाई, 2018 को शोएब मलिक टी-20 अंतरराष्ट्रीय मैचों में 2000 रन बनाने वाले पहले एशियाई बल्लेबाज बने एवं विश्व में 100 टी-20 अंतरराष्ट्रीय मैच खेलने वाले पहले खिलाड़ी बने।","https://commons.wikimedia.org/wiki/File:Shoaib_Malik,_Dunedin,_NZ,_2009.jpg",शाहिद अफरीदी,शाहिद अफरीदी के नाम एकदिवसीय अंतरराष्ट्रीय क्रिकेट के इतिहास में सबसे अधिक छक्के लगाने का रिकॉर्ड है।,https://commons.wikimedia.org/wiki/File:Shahid_Afridi_in_2017.jpg,इंजमाम-उल-हक,"सैयद इंजमाम-उल-हक, जिन्हें इन्ज़ी के नाम से भी जाना जाता है,वे एक एक पूर्व पाकिस्तानी क्रिकेटर और पूर्व कप्तान हैं। वह एकदिवसीय अंतरराष्ट्रीय मैचों में पाकिस्तान के लिए सबसे ज्यादा रन बनाने वाले खिलाड़ी हैं।",https://commons.wikimedia.org/wiki/File:Inzamam-ul-Haq.jpg,,,,क्रिकेट विश्व कप- 1992,पाकिस्तान ने टूर्नामेंट में निराशाजनक शुरुआत के बाद फाइनल में इंग्लैंड को 22 रनों से हराया और विजेता बनकर उभरा।,क्रिकेट विश्व कप- 1992,P17,आईसीसी वर्ल्ड टी-20,"फाइनल रविवार 21 जून, 2009 को लॉर्ड्स में पाकिस्तान के साथ हुआ था, जिसमें पाकिस्तान ने श्रीलंका को आठ विकेट से हराया था।",,P9,आईसीसी चैंपियंस ट्रॉफी,पाकिस्तान ने पहली बार प्रतियोगिता जीती और फाइनल में भारत पर 180 रन की जीत दर्ज की। ,,P10,,,,,https://en.wikipedia.org/wiki/1992_Cricket_World_Cup,https://en.wikipedia.org/wiki/ICC_T20_World_Cup,,,किट प्रायोजक,सीए स्पोर्ट्स,https://en.wikipedia.org/wiki/File:CA_sports_logo.png,शर्ट प्रायोजक,पेप्सी,https://commons.wikimedia.org/wiki/File:Pepsi_logo_new.svg,किट प्रायोजक,टी10 स्पोर्ट्स,,,,
https://en.wikipedia.org/wiki/File:Kings_XI_Punjab_logo.svg,R9,https://hi.wikipedia.org/wiki/%E0%A4%95%E0%A4%BF%E0%A4%82%E0%A4%97%E0%A5%8D%E0%A4%B8_%E0%A4%87%E0%A4%B2%E0%A5%87%E0%A4%B5%E0%A4%A8_%E0%A4%AA%E0%A4%82%E0%A4%9C%E0%A4%BE%E0%A4%AC,किंग्स इलेवन पंजाब,R9,"किंग्स इलेवन पंजाब (KXIP) मोहाली (चंडीगढ़ सीआर), पंजाब आधारित एक फ्रेंचाइजी क्रिकेट टीम है, जो इंडियन प्रीमियर लीग में खेलती है।",पंजाब,G15,2008,,,,,,,,रविचंद्रन अश्विन,https://commons.wikimedia.org/wiki/File:Ravichandran_Ashwin_(cropped).jpg,SF88,माइक हेसन,,,"पीसीए स्टेडियम, मोहाली","पंजाब क्रिकेट एसोसिएशन इंद्रजीत सिंह बिंद्रा स्टेडियम, चंडीगढ़, राजधानी क्षेत्र के मोहाली में स्थित एक क्रिकेट मैदान है। इसे मोहाली स्टेडियम के नाम से भी जाना जाता है। यह स्टेडियम पंजाब टीम का घरेलू मैदान है। स्टेडियम में 26,950 दर्शकों के बैठने की क्षमता है।",https://commons.wikimedia.org/wiki/File:LightsMohali.png,पहला आईपीएल मैच,2008,युवराज सिंह की कप्तानी में किंग्स इलेवन पंजाब ने आईपीएल 2008 में तीसरे स्थान पर रहा। ,,,,P19,,,,,,,,,मजबूत टीम,2011,इन्होंने आईपीएल 2011 में बुद्घिमानी दिखाई और कोच के रूप में माइकल बेवन के साथ बेहद मजबूत टीम खरीदी और कप्तान के रूप में एडम गिलक्रिस्ट को नियुक्त किया।,,,,P13,,,,,,,,,नया मुख्य कोच,2017,लीग के लगातार दो संस्करणों में अंतिम स्थान पर रहने के बाद उभरने की तैयारी में लगी टीम में वीरेन्द्र सहवाग मुख्य कोच के रूप में शामिल हुए। उन्होंने ग्लेन मैक्सवेल को कप्तान नियुक्त किया था।,,,,P15,,,,,,,,,अंतरराष्ट्रीय खिलाड़ी,2018,"2018 आईपीएल सीजन के लिए किंग्स इलेवन, पंजाब की टीम में रविचंद्रन अश्विन, युवराज सिंह, केएल राहुल, एरॉन फिंच और क्रिस गेल जैसे अंतरराष्ट्रीय खिलाड़ी शामिल थे।",,,,P25,,,,,,,,,एंड्रयू टाई,क्रिस गेल,"क्रिस्टोफर हेनरी गेल, ओडी (जन्म 21 सितंबर, 1979) जमैका के एक क्रिकेटर हैं जो वेस्टइंडीज के लिए अंतर्राष्ट्रीय क्रिकेट खेलते हैं। वह जमैका के लिए घरेलू क्रिकेट भी खेलते हैं और इंडियन प्रीमियर लीग में किंग्स इलेवन, पंजाब टीम का प्रतिनिधित्व भी करते हैं।",https://commons.wikimedia.org/wiki/File:ChrisGayle_Cropped.jpg,केएल राहुल,"कन्नूर लोकेश राहुल, जिन्हें केएल राहुल के नाम से जाना जाता है। वह एक भारतीय क्रिकेटर हैं। वह शीर्ष क्रम के बल्लेबाज, अस्थाई विकेट कीपर है। वे अंतरराष्ट्रीय स्तर पर भारत के लिए, घरेलू सर्किट में कर्नाटक और इंडियन प्रीमियर लीग में किंग्स इलेवन पंजाब के लिए खेलते हैं।",https://commons.wikimedia.org/wiki/File:KL_Rahul_at_Femina_Miss_India_2018_Grand_Finale_(cropped).jpg,मोइसेस हेनरिक्स,"मोइसेस कोंस्टेंटीनो हेनरिक्स पुर्तगाल में जन्मे ऑस्ट्रेलियाई पेशेवर क्रिकेटर हैं। वह पहले ऐसे क्रिकेटर थे, जिनका जन्म पुर्तगाल में हुआ और वह ऑस्ट्रेलिया के लिए अंतरराष्ट्रीय मैच खेलते हैं।",https://en.wikipedia.org/wiki/File:Moises_Henriques_with_the_Sydney_Sixers.jpg,एंड्रयू टाई,एंड्रयू जेम्स टाई एक ऑस्ट्रेलियाई क्रिकेटर है जो ऑस्ट्रेलिया की राष्ट्रीय क्रिकेट टीम के लिए एकदिवसीय अंतरराष्ट्री (ओडीआई) और टी-20 अंतर्राष्ट्रीय क्रिकेट खेलते हैं।,"https://commons.wikimedia.org/wiki/File:2018.02.03.20.38.56-AUSvNZL_T20_NZL_innings,_SCG-0001_(38618205890)_(Tye_cropped).jpg",इंडियन प्रीमियर लीग-2008,युवराज सिंह की कप्तानी में किंग्स इलेवन पंजाब ने आईपीएल 2008 में तीसरे स्थान पर रहा। ,,P19,इंडियन प्रीमियर लीग-2014,जॉर्ज बेली की कप्तानी में किंग्स इलेवन पंजाब आईपीएल में उपविजेता रही और पहली बार चैंपियंस लीग टी-20 के लिए क्वालीफाई किया।,,P23,,,,,,,,,,,,,शर्ट प्रायोजक (सामने),आज तक,https://commons.wikimedia.org/wiki/File:Aaj_tak_logo.png,शर्ट प्रायोजक (पीठ),जियो,https://commons.wikimedia.org/wiki/File:Reliance_Jio_Logo_(October_2015).svg,,,,,,
https://en.wikipedia.org/wiki/File:Kolkata_Knight_Riders_Logo.svg,R10,https://hi.wikipedia.org/wiki/%E0%A4%95%E0%A5%8B%E0%A4%B2%E0%A4%95%E0%A4%BE%E0%A4%A4%E0%A4%BE_%E0%A4%A8%E0%A4%BE%E0%A4%88%E0%A4%9F_%E0%A4%B0%E0%A4%BE%E0%A4%87%E0%A4%A1%E0%A4%B0%E0%A5%8D%E0%A4%B8,कोलकाता नाइट राइडर्स,R10,कोलकाता नाइट राइडर्स (जिसे केकेआर के नाम से जाना जाता है) एक फ्रेंचाइजी क्रिकेट टीम है जो इंडियन प्रीमियर लीग में कोलकाता शहर का प्रतिनिधित्व करती है।,कोलकाता नाइट राइडर्स,G12,2008,,,,,,,,दिनेश कार्तिक,https://commons.wikimedia.org/wiki/File:Dinesh_Karthik_2.jpg,O19,जैक कैलिस,https://commons.wikimedia.org/wiki/File:JAQUES_KALLIS_(3175901786).jpg,SF56,ईडन गार्डेन्स ,"ईडन गोर्डेन्स भारत के कोलकाता में स्थित एक क्रिकेट मैदान है, जिसे वर्ष 1864 में स्थापित किया गया था। यह भारत का सबसे पुराना क्रिकेट स्टेडियम है। यह बंगाल क्रिकेट टीम और आईपीएल फ्रेंचाइजी क्रिकेट टीम कोलकाता नाइट राइडर्स का घरेलू मैदान है।",https://commons.wikimedia.org/wiki/File:Eden_Gardens_under_floodlights_during_a_match.jpg,फ्रेंचाइजी का इतिहास,2008,"कोलकाता का प्रतिनिधित्व करने वाली टीम को बॉलीवुड के सुपरस्टार शाहरुख खान की कंपनी रेड चिलीज एंटरटेनमेंट ने अभिनेत्री जूही चावला और उनके पति जय मेहता के साथ, साझेदारी में 75.09 मिलियन डॉलर की कीमत में खरीदा था।",,,,P19,,,,,,,,,सौरव गांगुली,2011,"पूर्व कप्तान और आइकन खिलाड़ी सौरव गांगुली को जनवरी की नीलामी में नहीं खरीदा गया था। इसके कारण विभिन्न प्रशंसक समूहों ने स्टेडियम में ''नो दादा, नो केकेआर'' जैसे पोस्ट चस्पा करने के साथ देश व विदेशों में रैली व हस्ताक्षर अभियान चलाकर विरोध जताया था। [27] इन विरोध-प्रदर्शनों ने राष्ट्रीय व अंतर्राष्ट्रीय मीडिया का ध्यान खींचा।",,,,O8,,,,,,,,,नया प्रतीक चिह्न,2012,"वर्तमान लोगो यह 2012 में भी था  , जिसमें एक चमचमाता बैंगनी कोरिन्थियन हेलमेट सुनहरे रंग में तराशागया था। इसमें कोलकाता नाइट राइडर्स को एक ढाल के अंदर लिखा गया था।",,,,P21,,,,,,,,,आईपीएल 2018,2018,"आईपीएल-2018 संस्करण के लिए 4 मार्च, 2018 को दिनेश कार्तिक को केकेआर का कप्तान नियुक्त किया गया और रॉबिन उथप्पा को उप-कप्तान बनाया गया।",,,,P25,,,,,,,,,आंद्रे रसल,दिनेश कार्तिक,दिनेश कार्तिक ने बांग्लादेश के खिलाफ अपना पहला टेस्ट शतक बनाया और इसके बाद इंग्लैंड के टेस्ट दौरे में भारत की ओर से सबसे ज्यादा रन बनाने वाले खिलाड़ी रहे।जिसकी मदद से भारत को 21 वर्षों में पहली बार इंग्लैंड में श्रृंखला जीतने में कामयाबी मिली।,https://commons.wikimedia.org/wiki/File:Dinesh_Karthik.jpg,रॉबिन उथप्पा,गेंदबाज में जोश भरने की कला में माहिर होने के लिए रॉबिन उथप्पा का नाम 'द वॉकिंग एसासिन' है। उन्होंने 2007 के आईसीसी वर्ल्ड टी-20 में भारत की जीत में महत्वपूर्ण भूमिका निभाई थी।,https://commons.wikimedia.org/wiki/File:Robin_Uthappa_on_the_Show.jpg,सौरव गांगुली,सौरव गांगुली विदेश में 11 टेस्ट जीत के साथ सबसे सफल भारतीय टेस्ट कप्तान हैं। उनके कप्तान बनने से पहले भारतीय टीम आईसीसी रैंकिंग में आठवें पायदान पर थी और उनके नेतृत्व में टीम दूसरे पायदान पर पहुंच गई थी।,https://commons.wikimedia.org/wiki/File:Sourav_Ganguly_closeup.jpg,आंद्रे रसल ,आंद्रे रसेल दुनिया भर में आयोजित लीगों में कई टीमों के लिए 300 से अधिक टी-20 मैच खेल चुके हैं।,https://commons.wikimedia.org/wiki/File:Andre_Russell.jpg,इंडियन प्रीमियर लीग-2012,"कोलकाता नाइट राइडर्स विजेता टीम रही थी, जिसने फाइनल में गत चैंपियन चेन्नई सुपर किंग्स को पांच विकेट से हराया था।",,P21,इंडियन प्रीमियर लीग-2014,कोलकाता नाइट राइडर्स ने किंग्स इलेवन पंजाब को 3 विकेट से हराकर खिताब जीता।,,P23,ओरेंज कैप,वर्ष 2014 के आईपीएल संस्करण में रॉबिन उथप्पा ने 660 रनों के साथ ऑरेंज कैप पर कब्जा जमाया।,,SF34,,,,,,,,,मुख्य प्रायोजक,नोकिया,https://commons.wikimedia.org/wiki/File:Nokia_wordmark.svg,सह प्रयोजक,जियो,https://commons.wikimedia.org/wiki/File:Reliance_Jio_Logo_(October_2015).svg,किट प्रायोजक,अल्किस स्पोर्ट्स,,,,
https://commons.wikimedia.org/wiki/File:RR-LOGO-1.png,R11,https://hi.wikipedia.org/wiki/%E0%A4%B0%E0%A4%BE%E0%A4%9C%E0%A4%B8%E0%A5%8D%E0%A4%A5%E0%A4%BE%E0%A4%A8_%E0%A4%B0%E0%A5%89%E0%A4%AF%E0%A4%B2%E0%A5%8D%E0%A4%B8,राजस्थान रॉयल्स,R11,राजस्थान रॉयल्स (संक्षिप्त रूप में आरआर) इंडियन प्रीमियर लीग में खेलने वाली राजस्थान के जयपुर आधारित एक फ्रेंचाइजी क्रिकेट टीम है।,"जयपुर, राजस्थान",G14,2008,,,,,,,,स्टीव स्मिथ,"https://commons.wikimedia.org/wiki/File:Steve_Smith_(cricketer),_2014_(cropped).jpg",SF87,धान अप्टन,,,सवाई मानसिंह स्टेडियम,"सवाई मानसिंह स्टेडियम भारत के राजस्थान राज्य में जयपुर स्थित एक क्रिकेट स्टेडियम है। इसे राजा सवाई मान सिंह द्वितीय के शासनकाल में बनाया गया था। इसे एसएमएस के रूप में भी जाना जाता था, इसलिए इसका नाम एसएमएस स्टेडियम में रखा गया। जुलाई 2013 तक गूगल स्ट्रीट व्यू का उपयोग करके स्टेडियम और मैदान को नजदीक से देखा जा सकता था।",https://commons.wikimedia.org/wiki/File:Sawai-Mansingh-Stadium-Jaipur.jpg,आईपीएल सत्र 2008,2008,राजस्थान रॉयल्स आईपीएल टूर्नामेंट के पहले संस्करण की विजेता बनी थी। उसने फाइनल में चेन्नई सुपर किंग्स को 3 विकेट से हराया था।,,,,P19,,,,,,,,,आईपीएल सत्र 2009,2009,देल्ही डेयरडेविल्स और कोलकाता नाइट राइडर्स के खिलाफ अपने आखिरी दो मैच हारने के बाद राजस्थान रॉयल्स की टीम सेमीफाइनल में जगह बनाने में नाकाम रही थी।,,,,P20,,,,,,,,,आईपीएल सत्र 20011,2011,राजस्थान रॉयल्स और किंग्स इलेवन पंजाब को स्वामित्व में परिवर्तन के मुद्दों की वजह से अस्थाई रूप से लीग से बाहर कर दिया गया था। बाद में उच्च न्यायालय के आदेश पर उन्हें बहाल किया गया था।,,,,P13,,,,,,,,,आईपीएल सत्र 2019,2019,"ऑस्ट्रेलियाई टी की बॉल से छेड़छाड़ विवाद के कारण बीसीसीआई द्वारा उन पर आईपीएल सत्र 2018 में भाग लेने पर प्रतिबंध समाप्ति के बाद स्टीव स्मिथ ने आईपीएल में वापसी की।सीज़न की शुरुआत में अजिंक्य रहाणे की कप्तानी बरकरार रखी गई, लेकिन खराब नतीजों के बाद कप्तान के तौर पर स्टीव स्मिथ की वापसी हुई।",,,,,,,,,,,,,आजिंक्य रहाणे,स्टीव स्मिथ,"स्टीवन पीटर डेवेरेक्स स्मिथ एक ऑस्ट्रेलियाई अंतरराष्ट्रीय क्रिकेटर और ऑस्ट्रेलिया की राष्ट्रीय टीम के पूर्व कप्तान हैं। 30 दिसंबर, 2017 को वह टेस्ट बल्लेबाजी में 947 अंक की रेटिंग तक पहुंच गए थे, जो अब तक की दूसरी सबसे अधिक रेटिंग है।","https://commons.wikimedia.org/wiki/File:Steve_Smith_(cricketer),_2014_(cropped).jpg",शेन वार्न,शेन वॉर्न इंडियन प्रीमियर लीग के पहले चार सीज़न (2008-2011) तक राजस्थान रॉयल्स के लिए खेले। इस दौरान उन्होंने कप्तान और कोच दोनों की भूमिकाएं निभाईं।,https://commons.wikimedia.org/wiki/File:Shane_Warne_bowling_2009.jpg,राहुल द्रविड़,"राहुल द्रविड़ ने टेस्ट क्रिकेट में 31258 गेंदों का सामना किया है, जो टेस्ट क्रिकेट में किसी भी खिलाड़ी द्वारा खेली गई गेंदों की सर्वाधिक संख्या है।",https://commons.wikimedia.org/wiki/File:RahulDravid.jpg,आजिंक्य रहाणे,अजिंक्य रहाणे वर्तमान में टेस्ट क्रिकेट में भारतीय क्रिकेट टीम के  उपकप्तान हैं।,https://commons.wikimedia.org/wiki/File:Ajinkya_Rahane_2016_(cropped).jpg,इंडियन प्रीमियर लीग- 2008,शेन वॉर्न की कप्तानी में राजस्थान रॉयल्स ने आईपीएल का समापन विजेता के रूप में किया और चैंपियंस लीग टी-20 के लिए भी क्वालीफाई किया।,,P19,इंडियन प्रीमियर लीग- 2013,इंडियन प्रीमियर लीग-2013 में शेन वॉटसन को  श्रृंखला का सर्वश्रेष्ठ खिलाड़ी घोषित किया गया था।,,P22,प्ले ऑफ्स ,राजस्थान रॉयल्स आईपीएल 2013 में तीसरे स्थान पर रहा। ,,P22,,,,,,,,,शर्ट प्रायोजक (सामने),जेके लक्ष्मी सीमेंट,,शर्ट प्रायोजक (पीठ),सूर्या एलईडी,,शर्ट प्रायोजक,रेड एफएम,https://en.wikipedia.org/wiki/File:Red_fm.jpg,,,
https://en.wikipedia.org/wiki/File:Sunrisers_Hyderabad.svg,R12,https://hi.wikipedia.org/wiki/%E0%A4%B8%E0%A4%A8%E0%A4%B0%E0%A4%BE%E0%A4%87%E0%A4%9C%E0%A4%B0%E0%A5%8D%E0%A4%B8_%E0%A4%B9%E0%A5%88%E0%A4%A6%E0%A4%B0%E0%A4%BE%E0%A4%AC%E0%A4%BE%E0%A4%A6,सनराइजर्स हैदराबाद,R12,"सनराइजर्स हैदराबाद (संक्षिप्त रूप में एसआरएच) तेलंगाना के हैदराबाद आधारित एक फ्रेंचाइजी क्रिकेट टीम है, जो इंडियन प्रीमियर लीग (आईपीएल) में खेलती है।",हैदराबाद,G13,2013,,,,,,,,केन विलियमसन,https://commons.wikimedia.org/wiki/File:Kane_Williamson_(9773667991).jpg,O30,टॉम मूडी,https://commons.wikimedia.org/wiki/File:Tom_Moody_Sunrisers.jpg,,"राजीव गांधी अंतरराष्ट्रीय क्रिकेट स्टेडियम, हैदराबाद","राजीव गांधी अंतर्राष्ट्रीय क्रिकेट स्टेडियम भारत के तेलंगाना राज्य के हैदराबाद का प्रमुख क्रिकेट स्टेडियम है और हैदराबाद क्रिकेट एसोसिएशन का घरेलू मैदान भी है। यह शहर के पूर्वी उपनगर उप्पल में स्थित है। इसकी क्षमता 55,000 दर्शकों की है।",https://commons.wikimedia.org/wiki/File:RGIS_HYD.jpg,प्रारंभिक वर्ष,2013-2014,"सनराइजर्स हैदराबाद ने वर्ष 2013 के सीजन में आईपीएल में पदार्पण किया था। टीम प्लेऑफ में पहुंची थी, लेकिन राजस्थान रॉयल्स से हारने के बाद बाहर हो गई थी।",,,,,,,,,,,,,पहला खिताब और सफलता,2015–2017,2015 सीज़न के लिए डेविड वार्नर को कप्तान नियुक्त किया गया था और उन्होंने खेले गए सभी मैचों में टीम का नेतृत्व किया। वॉर्नर ने सनराइजर्स हैदराबाद के लिए पहला ऑरेंज कैप भी जीता।,,,,P24,,,,,,,,,उप विजेता,2018,एसआरएच ने वर्ष 2018 सीजन के फाइनल में चेन्नई सुपर किंग्स से हारने के बाद उपविजेता के रूप में सत्र का समापन किया। विलियमसन ने 735 रनों के साथ ऑरेंज कैप पर कब्जा जमाया।,,,,P25,,,,,,,,,,,,,,,,,,,,,,,,मार्टिन गुप्तिल,डेविड वार्नर,"वार्नर 132 वर्षों में पहले ऑस्ट्रेलियाई क्रिकेटर हैं, जिन्हें प्रथम श्रेणी क्रिकेट के अनुभव के बिना ही किसी प्रारूप में राष्ट्रीय टीम के लिए चुना गया।",https://commons.wikimedia.org/wiki/File:DAVID_WARNER_(11704782453).jpg,केन विलियमसन,"वर्ष 2014 में न्यूजीलैंड बनाम पाकिस्तान की एकदिवसीय श्रृंखला के दौरान विलियमसन ने सभी पांच एकदिवसीय मैचों की अपनी फीस 2014 के पेशावर स्कूल नरसंहार के पीड़ितों के लिए दान कर दी थी। वह गेंदबाजी और बल्लेबाजी दोनों दाएं हाथ से करते हैं, लेकिन बाएं हाथ से लिखते हैं।",https://commons.wikimedia.org/wiki/File:Kane_Williamson_(9773667991).jpg,भुवनेश्वर कुमार,फरवरी 2018 में दक्षिण अफ्रीका के खिलाफ पहले टी-20 अंतरराष्ट्रीय मैच में पांच विकेट लेने के बाद कुमार खेल के सभी प्रारूपों में पांच विकेट लेने वाले पहले भारतीय गेंदबाज बन गए।,https://commons.wikimedia.org/wiki/File:Bhuvneshwar_Kumar.jpg,मार्टिन गुप्तिल ,गुप्तिल एकदिवसीय अंतरराष्ट्रीय मैच में दोहरा शतक लगाने वाले न्यूजीलैंड के पहले व दुनिया के पांचवे क्रिकेटर हैं। उनके नाम विश्व कप मैचों में सर्वाधिक व्यक्तिगत स्कोर का भी रिकॉर्ड है।,https://commons.wikimedia.org/wiki/File:Martin_Guptill_2_(cropped).jpg,इंडियन प्रीमियर लीग 2013,इंडियन प्रीमियर लीग- 2013 में सेमीफाइनल में पहुंचने वाली टीम ,,,इंडियन प्रीमियर लीग 2015,ऑरेंज कैप के विजेता (डेविड वार्नर - 562 रन),,P24,इंडियन प्रीमियर लीग 2016,इंडियन प्रीमियर लीग-2016 की चैंपियन,,P25,इंडियन प्रीमियर लीग 2017,पर्पल कैप के विजेता (भुवनेश्वर कुमार - 26 विकेट),O15,,,,,,किट प्रायोजक,टीवाईकेए स्पोर्ट्स,https://en.wikipedia.org/wiki/File:TYKASports_logo.png,शर्ट प्रायोजक (सामने),Coolwinks.com,https://commons.wikimedia.org/wiki/File:Coolwinks.png,,,,,,
https://commons.wikimedia.org/wiki/File:Flag_of_Afghanistan.svg,R17,https://hi.wikipedia.org/wiki/%E0%A4%85%E0%A4%AB%E0%A4%BC%E0%A4%97%E0%A4%BC%E0%A4%BE%E0%A4%A8%E0%A4%BF%E0%A4%B8%E0%A5%8D%E0%A4%A4%E0%A4%BE%E0%A4%A8_%E0%A4%95%E0%A5%8D%E0%A4%B0%E0%A4%BF%E0%A4%95%E0%A5%87%E0%A4%9F_%E0%A4%9F%E0%A5%80%E0%A4%AE,अफगानिस्तान की राष्ट्रीय क्रिकेट टीम,R17,"अफगानिस्तान की राष्ट्रीय क्रिकेट टीम  टेस्ट क्रिकेट खेलने वाला 12वां पूर्ण सदस्य देश है। अफगानिस्तान में 19वीं शताब्दी के मध्य से क्रिकेट खेला जाता रहा है, लेकिन हाल के वर्षों में ही वह राष्ट्रीय टीम के रूप में सफल हुआ है।",अफगानिस्तान,,1995,अफगानिस्तान क्रिकेट बोर्ड,रहमत शाह,,,गुल्बादिन नैब,,,राशिद खान,,O41,फिल सिमंस,,,कोई नहीं,अफगानिस्तान की टीम सुरक्षा स्थिति और अंतर्राष्ट्रीय स्तर की मानक सुविधाओं की कमी के कारण अपने घरेलू मैच अफगानिस्तान में नहीं खेलती हैं।,https://commons.wikimedia.org/wiki/File:Icon_None.svg,एकदिवसीय से पहले का इतिहास,1839,अफगानिस्तान में क्रिकेट का प्रथम रिकॉर्ड 1839 में काबुल में एक मैच खेल रहे ब्रिटिश सैनिकों का है। हालांकि ऐसा पता चलता है कि अंग्रेजो ने क्रिकेट की कोई भी लंबी विरासत वहां नहीं छोड़ी थी।,,,,,,,,,,,,,घरेलू क्रिकेट,2001,राष्ट्रीय टीम को पाकिस्तानी घरेलू क्रिकेट के दूसरे स्तर में खेलने के लिए आमंत्रित किया गया था और इस दौरे ने अंतर्राष्ट्रीय मीडिया का ध्यान अफगान क्रिकेट की ओर आकर्षित किया था।,,,,,,,,,,,,,विश्व कप क्रिकेट 2015,2015,अफगानिस्तान ने 50 ओवर के प्रारूप में विश्व कप की शुरुआत ऑस्ट्रेलिया में कैनबरा के मनुका ओवल में बांग्लादेश के खिलाफ मैच से की थी।,,,,P8,,,,,,,,,पहली टेस्ट जीत,2019,आयरलैंड के खिलाफ मार्च 2019 में अफगानिस्तान ने अपने दूसरे टेस्ट मैच में ही  टेस्ट मैच की पहली जीत हासिल कर ली। वह इंग्लैंड और पाकिस्तान के बाद ऐसा करने वाली तीसरी टीम बन गई।,,,,,,,,,,,,,हशमतुल्ला शाहिदी,मोहम्मद नबी,मोहम्मद नबी अफगानी क्रिकेटर है जिन्होंने सीमित ओवरों के मैचों में टीम की कप्तानी की है। उन्होंने अपने पहले एकदिवसीय अंतरराष्ट्रीय और पहले टेस्ट मैच में खेलते हुए अंतरराष्ट्रीय क्रिकेट के शीर्ष स्तर पर अफगानिस्तान के उदय में एक बड़ी भूमिका निभाई।,https://commons.wikimedia.org/wiki/File:Mohammad_Nabi-Australia.jpg,गुल्बादिन नैब,नबी दाएं हाथ के बल्लेबाज हैं जो दाएं हाथ से मध्यम तेज गति की गेंदबाजी भी करते हैं। अफगानिस्तान क्रिकेट बोर्ड (एसीबी) ने 2019 क्रिकेट विश्व कप से पहले अप्रैल 2019 में नबी को एकदिवसीय अंतरराष्ट्रीय (ओडीआई) मैचों के लिए नया कप्तान के रूप में नियुक्त किया।,,राशिद खान,राशिद खान एक अफगान क्रिकेटर और वर्तमान में टी-20 अंतरराष्ट्रीय मैचों के लिए राष्ट्रीय टीम के कप्तान हैं।उन्होंने एक देश के पहले टेस्ट मैच में पदार्पण करते हुए सबसे महंगी गेंदबाजी के आंकड़े बनाए।,,हशमतुल्ला शाहिदी,हशमतुल्ला शाहिदी एक अफगानी क्रिकेटर हैं। उन्होंने अक्टूबर 2013 में केन्या के खिलाफ अफगानिस्तान के लिए अपना एक दिवसीय अंतर्राष्ट्रीय पदार्पण किया था।,,विश्व कप क्वालीफायर 2015,"4 अक्टूबर, 2013 को अफगानिस्तान ने केन्या को हराकर आयरलैंड के बाद दूसरा स्थान हासिल कर अपने पहले क्रिकेट विश्व कप के लिए क्वालीफाई किया था।",,,विश्व कप में भागीदारी,2015 का क्रिकेट विश्व कप पहला और आज तक का एकमात्र क्रिकेट विश्व कप है जिसमें अफगानिस्तान ने हिस्सा लिया था। अफगानिस्तान को मेजबान ऑस्ट्रेलिया और न्यूजीलैंड के ग्रुप में शामिल किया गया था।,,P8,विश्व कप क्वालीफायर 2018,फाइनल में वेस्टइंडीज को हराकर अफगानिस्तान ने टूर्नामेंट जीता था। अफगानिस्तान के मोहम्मद शहजाद को प्लेयर ऑफ द मैच चुना गया था।,,,,,,,,,,,,,"https://en.wikipedia.org/wiki/File:Logo_of_Amul_The_Taste_of_India,_May_2018.svg",,,,,,,,,
https://commons.wikimedia.org/wiki/File:Flag_of_Bangladesh.svg,R18,,बांग्लादेश की राष्ट्रीय क्रिकेट टीम,R18,"बांग्लादेश की राष्ट्रीय क्रिकेट टीम, जो ""द टाइगर्स"" के नाम से भी मशहूर है का संचालन बांग्लादेश क्रिकेट बोर्ड (बीसीबी) द्वारा किया जाता है। बांग्लादेश टेस्ट और एकदिवसीय अंतरराष्ट्रीय (ओडीआई) में अंतर्राष्ट्रीय क्रिकेट परिषद (आईसीसी) का पूर्ण सदस्य है।",बांग्लादेश की राष्ट्रीय क्रिकेट टीम,,1977,बांग्लादेश क्रिकेट बोर्ड,शाकिब अल हसन,https://commons.wikimedia.org/wiki/File:Shakib_Al_Hasan_(4)_(cropped).jpg,,मशरफे मुर्तजा,https://commons.wikimedia.org/wiki/File:Mashrafe_Bin_Mortaza_(cropped).jpg,,शाकिब अल हसन,https://commons.wikimedia.org/wiki/File:Shakib_Al_Hasan_(4)_(cropped).jpg,,स्टीव रोड्स,https://commons.wikimedia.org/wiki/File:Steve_Rhodes_(14)_(cropped).jpg,,शेर-ए-बांग्ला राष्ट्रीय क्रिकेट स्टेडियम,"शेर-ए-बांग्ला नेशनल क्रिकेट स्टेडियम (एसबीएनसीएस), जिसे मीरपुर स्टेडियम भी कहा जाता है, बांग्लादेश की राजधानी ढाका में अवस्थित एक क्रिकेट मैदान है। इसमें 25,000 लोगों के बैठने की क्षमता है। बांग्लादेश क्रिकेट बोर्ड ने वर्ष 2004 में इसे पुरुष और महिला राष्ट्रीय टीमों के घरेलू मैदान के रूप में लिया था।","https://commons.wikimedia.org/wiki/File:Ispahani_End,_Sher-e-Bangla_Cricket_Stadium.jpg",बांग्लादेश क्रिकेट बोर्ड,1972-1977,सरकार ने वर्ष 1972 में बांग्लादेश क्रिकेट बोर्ड बनाया। जिसे नए देश में क्रिकेट आयोजन के दिशा-निर्देशों के साथ बांग्लादेश क्रिकेट कंट्रोल बोर्ड का नाम दिया गया।,,,,,,,,,,,,,श्रीलंका के साथ अंतरराष्ट्रीय मैच,1978,बांग्लादेश का दौरा करने वाली पहली पूर्ण अंतर्राष्ट्रीय टीम जनवरी 1978 में श्रीलंका थी। तब श्रीलंका आईसीसी पूर्ण सदस्य का दर्जा (1982 में हासिल) के करीब थी और बांग्लादेश के खिलाफ तीन अंतरराष्ट्रीय मैचों में पारी की जीत वाली श्रृंखला ने उसे उच्च श्रेणी की टीम के रूप में पहचान दिलाई।,,,,,,,,,,,,,सत्र 1979-80,1979-1980,"पाकिस्तान ने पहली बार बांग्लादेश का दौरा किया था। वह मुक्ति युद्घ के करीब आठ साल बाद था, लेकिन तनाव तब भी बरकरार था।",,,,,,,,,,,,,क्रिकेट विश्व कप- 1999,1999,बांग्लादेश की टीम पहली बार क्रिकेट विश्व कप में खेली। उन्होंने वर्ष 1997 में आईसीसी ट्रॉफी जीतकर वर्ष 1999 में ग्रेट ब्रिटेन में आयोजित होने वाले टूर्नामेंट के लिए क्वालीफाई किया था।,,,,,,,,,,,,,तमीम इकबाल,मशरफे मुर्तजा,अप्रैल 2019 में उन्हें क्रिकेट विश्व कप- 2019 के लिए बांग्लादेश टीम के कप्तान के रूप में चुना गया था।,https://commons.wikimedia.org/wiki/File:Mashrafe_Bin_Mortaza_(cropped).jpg,शाकिब अल हसन,शाकिब अल हसन बांग्लादेशी अंतरराष्ट्रीय क्रिकेटर हैं जो वर्तमान में टेस्ट और टी-20 अंतरराष्टट्रीय प्रारूपों में बांग्लादेश की राष्ट्रीय टीम की कप्तानी करते हैं। उन्हें बांग्लादेश का अब तक का सबसे श्रेष्ठ और महान क्रिकेटर माना जाता है।,https://commons.wikimedia.org/wiki/File:Shakib_Al_Hasan_(4)_(cropped).jpg,मुशफिकुर रहीम,मोहम्मद मुशफिकुर रहीम एक बांग्लादेशी क्रिकेटर और बांग्लादेश की राष्ट्रीय क्रिकेट टीम के पूर्व कप्तान हैं। उनके पास बांग्लादेश के किसी भी बल्लेबाज द्वारा टेस्ट में सर्वोच्च स्कोर बनाने का भी रिकॉर्ड है।,"https://commons.wikimedia.org/wiki/File:Mushfiqur_Rahim_batting_against_England_at_Lords_in_2010,_cropped.jpg",तमीम इकबाल,मुहम्मद तमीम इकबाल खान एक बांग्लादेशी अंतरराष्ट्री क्रिकेटर हैं। वह बाएं हाथ के सलामी बल्लेबाज हैं। वह बांग्लादेश की ओर से अभी तक से सबसे ज्यादा रन बनाने वाले खिलाड़ी हैं।,https://commons.wikimedia.org/wiki/File:Tamim-Iqbal-wt20.png,क्रिकेट विश्व कप- 1999,वे विश्व कप में पहली बार 1999 के क्रिकेट विश्व कप में एक एसोसिएट टीम के रूप में शामिल हुए थे।,,,क्रिकेट विश्व कप- 2007,बांग्लादेश ने भारत और दक्षिण अफ्रीका के खिलाफ दो शानदार जीत के साथ एक शानदार टूर्नामेंट का लुत्फ उठाया।,,P6,क्रिकेट विश्व कप- 2011,"बांग्लादेश, क्रिकेट विश्व कप 2011 में भारत के साथ सह-मेजबान था।",,P7,ऑलराउंडर श्रेणी में नम्बर 1,"शाकिब अल हसन 12 जनवरी, 2015 को ऑलराउंडर श्रेणी में क्रिकेट के तीनों प्रारूपों में नंबर 1 स्थान हासिल करने वाले इतिहास के पहले खिलाड़ी बने।",,,,,,,मुख्य प्रायोजक,ग्रामीनफोन,https://en.wikipedia.org/wiki/File:Grameephone_Logo.png,,,,,,,,,
https://en.wikipedia.org/wiki/File:Sri_Lanka_Cricket_Cap_Insignia.svg,R13,https://hi.wikipedia.org/wiki/%E0%A4%B6%E0%A5%8D%E0%A4%B0%E0%A5%80%E0%A4%B2%E0%A4%82%E0%A4%95%E0%A4%BE_%E0%A4%95%E0%A5%8D%E0%A4%B0%E0%A4%BF%E0%A4%95%E0%A5%87%E0%A4%9F_%E0%A4%9F%E0%A5%80%E0%A4%AE,श्रीलंका की राष्ट्रीय क्रिकेट टीम,R13,"श्रीलंका की राष्ट्रीय क्रिकेट टीम, जिसे 'द लायंस' के नाम से भी जाना जाता है। यह अंतरराष्ट्रीय क्रिकेट में श्रीलंका का प्रतिनिधित्व करती है। यह टेस्ट, एकदिवसीय अंतरराष्ट्रीय (ओडीआई) और टी-20 अंतरराष्ट्रीय (टी20आई) में अंतरराष्ट्रीय क्रिकेट परिषद (आईसीसी) का पूर्ण सदस्य देश है।",श्रीलंका की राष्ट्रीय क्रिकेट टीम,G7,1965,श्रीलंका क्रिकेट,दिमूथ करुनरेटन,,,दिमूथ करुनरेटन,,,लसिथ मलिंगा,https://commons.wikimedia.org/wiki/File:LASITH_MALINGA_(5155175549).jpg,O40,चंडिका हैथुरुसिंघा,,,गाले अंतरराष्ट्रीय स्टेडियम,"गाले अंतर्राष्ट्रीय स्टेडियम श्रीलंका के गाले में स्थित एक क्रिकेट स्टेडियम है, जो गाले के किले के पास स्थित है और दो तरफ से हिंद महासागर से घिरा है। यह दुनिया के सबसे खूबसूरत क्रिकेट मैदानों में से एक माना जाता है।",https://commons.wikimedia.org/wiki/File:Sri_Lanka_vs_Pakistan_test_match.JPG,सीलोन राष्ट्रीय क्रिकेट टीम,1972,वर्ष 1972 में श्रीलंका का नाम बदला गया। राष्ट्रीय टीम ने पहली बार वर्ष 1975 में शीर्ष स्तर के अंतरराष्ट्रीय क्रिकेट में प्रतिस्पर्धा की। उस दौरान उन्होंने क्रिकेट विश्व कप में वेस्टइंडीज के खिलाफ मैच खेला था।,,,,P26,,,,,,,,,टेस्ट में पहली जीत,1981,"श्रीलंका को 21 जुलाई, 1981 को आठवें टेस्ट खेलने वाले राष्ट्र के रूप में दर्जा दिए जाने के बाद, उन्हें 6 सितंबर, 1985 तक इंतजार करना पड़ा था। जहां श्रीलंका ने भारत को हराकर अपनी पहली टेस्ट जीत दर्ज की थी।",,,,,,,,,,,,,1990 दशक,1990s,श्रीलंका को अपनी अगली श्रृंखला जीत के लिए 7 साल से अधिक समय तक इंतजार करना पड़ा था। जो दिसंबर 1992 में न्यूजीलैंड के खिलाफ मिली थी।,,,,,,,,,,,,,अन्य टीमों के साथ तुलना,2018,श्रीलंका ने पाकिस्तान और बांग्लादेश के खिलाफ 14 जीत के साथ किसी भी अन्य टीम की तुलना में अधिक जीत दर्ज की है।,,,,,,,,,,,,,तिसारा परेरा,लसिथ मलिंगा,"सेपरमडू लसित मलिंगा दाएं हाथ के मध्यम-तेज गति के गेंदबाज है। इनका उपयोग आमतौर पर एक विशेषज्ञ डेथ बॉलर के रूप में किया जाता है। इसके कारण इन्हें ""स्लिंगा मलिंगा"" और ""मलिंगा द स्लिंगा"" के उप नाम से भी संबोधित किया जाता है।",https://commons.wikimedia.org/wiki/File:LASITH_MALINGA_(5155175549).jpg,दिनेश चांदीमल,चंडीमल एक क्षेत्ररक्षक के रूप में एक टी20 अंतरराष्ट्रीय में सर्वाधिक कैच लपकने का संयुक्त रिकॉर्ड रखते हैं।,https://commons.wikimedia.org/wiki/File:Dinesh_Chandimal_2.JPG,एंजेलो मैथ्यूज,"एंजेलो डेविस मैथ्यूज, एक पेशेवर श्रीलंकाई क्रिकेटर और मैच के सभी प्रारूपों के पूर्व कप्तान हैं।",https://commons.wikimedia.org/wiki/File:Angelo_Mathews_(5338334462).jpg,तिसारा परेरा,"थिसारा परेरा एक पेशेवर श्रीलंकाई क्रिकेटर हैं। उन्हें 2010 की इंडियन प्रीमियर लीग की नीलामी में चेन्नई सुपर किंग्स द्वारा 50,000 डॉलर में खरीदा गया था।",https://commons.wikimedia.org/wiki/File:Thisara_Perera.jpg,क्रिकेट विश्व कप 1996,"क्रिकेट विश्व कप-1996  की विजेता, जिसमें उन्होंने भारत और पाकिस्तान के साथ सह-मेजबानी की थी।",,,आईसीसी चैम्पीयन ट्रॉफी 2002 की विजेता,"आईसीसी चैंपियंस ट्रॉफी-2002 की संयुक्त विजेता, जिसे उसने अपने पास रखा।",,P10,क्रिकेट विश्व कप 2007,वेस्टइंडीज में आयोजित क्रिकेट विश्वकप 2007 की उप विजेता,,P6,क्रिकेट विश्व कप 2011,"क्रिकेट विश्व कप-2011 की उप विजेता, जिसकी उसने भारत और बांग्लादेश के साथ सह-मेजबानी की थी।",P7,,,,,,प्रायोजक,दिलमाह,https://en.wikipedia.org/wiki/File:Dilmah-Logo.jpg,"प्रमुख प्रायोजक, 2019 विश्व कप",केंट आरओ सिस्टम,https://commons.wikimedia.org/wiki/File:KENT_Healthcare_Logo.jpg,,,,,,
https://en.wikipedia.org/wiki/File:Southafrica_cricket_logo.svg,R14,,दक्षिण अफ्रीका की राष्ट्रीय क्रिकेट टीम,R14,"दक्षिण अफ्रीका की राष्ट्रीय क्रिकेट टीम, उपनाम प्रोटियाज का संचालन क्रिकेट दक्षिण अफ्रीका द्वारा किया जाता है। दक्षिण अफ्रीका टेस्ट,  एकदिवसीय अंतरराष्ट्रीय (ओडीआई) और टी-20 अंतरराष्ट्रीय (टी-20आई) में अंतरराष्ट्रीय क्रिकेट परिषद (आईसीसी) का पूर्ण सदस्य है।",दक्षिण अफ्रीका,G6,1909,क्रिकेट दक्षिण अफ्रीका,फैफ डु प्लेसिस,,,फैफ डु प्लेसिस,,,फैफ डु प्लेसिस,,,ओटिस गिब्सन,,SF45,वांडरर्स स्टेडियम,"वांडरर्स स्टेडियम दक्षिण अफ्रीका के जोहान्सबर्ग में स्थित एक स्टेडियम है। इसमें टेस्ट, एकदिवसीय अंतरराष्ट्रीय और प्रथम श्रेणी क्रिकेट मैच खेले जाते हैं।",https://commons.wikimedia.org/wiki/File:Wandrersflag.jpg,शुरुआत और शीघ्र उन्नति,1843,दक्षिण अफ्रीका में सबसे पुराना क्रिकेट क्लब पोर्ट एलिजाबेथ क्रिकेट क्लब है। जिसकी स्थापना 1843 में हुई थी।,,,,,,,,,,,,,इंग्लैंड का दौरा,1888,सर डोनाल्ड कर्री ने दक्षिण अफ्रीका दौरे के लिए पहली इंग्लिश टीम को प्रायोजित किया था।,,,,,,,,,,,,,ऑस्ट्रेलिया का दौरा,1910-11,दक्षिण अफ्रीकी क्रिकेट टीम ने वर्ष 1910–11 में पहली बार ऑस्ट्रेलिया का दौरा किया था।,,,,,,,,,,,,,वर्तमान में रैंकिंग,2018,"आईसीसी की ओर से 15 मार्च, 2018 को जारी रैंकिंग में दक्षिण अफ्रीका टीम टेस्ट में दूसरे, एकदिवसीय मैचों में दूसरे और टी-20 अंतरराष्ट्रीय में सातवें पायदान के साथ ही महिलाओं की समग्र चैम्पियनशिप में छठे पायदान पर काबिज है।",,,,,,,,,,,,,जेपी डुमिनी,हाशिम अमला,हाशिम मोहम्मद अमला एक दक्षिण अफ्रीकी अंतरराष्ट्रीय क्रिकेटर हैं जो खेल के तीनों प्रारूपों में दक्षिण अफ्रीका का प्रतिनिधित्व करते हैं। वह दाएं हाथ के बल्लेबाज हैं और किसी भी दक्षिण अफ्रीकी बल्लेबाज द्वारा टेस्ट में सर्वाधिक व्यक्तिगत स्कोर का रिकॉर्ड रखने वाले बल्लेबाज हैं।,https://commons.wikimedia.org/wiki/File:Hashim_Amla.jpg,क्विंटन डि काक,क्विंटन डी कॉक एक दक्षिण अफ्रीकी पेशेवर क्रिकेटर हैं। वह इंडियन प्रीमियर लीग में मुंबई इंडियंस के लिए भी खेलते हैं। क्रिकेट दक्षिण अफ्रीका के वर्ष 2017 के वार्षिक पुरस्कारों में उन्हें क्रिकेटर ऑफ द ईयर चुना गया था।,https://commons.wikimedia.org/wiki/File:QUINTON_DE_KOCK_(15681398316).jpg,डेविड मिलर,डेविड मिलर इंडियन प्रीमियर लीग (आईपीएल) में किंग्स इलेवन पंजाब के पूर्व कप्तान हैं और एक दिवसीय अंतरराष्ट्रीय (वनडे) और टी-20 अंतरराष्ट्रीय दोनों में दक्षिण अफ्रीका का प्रतिनिधित्व करते हैं।,https://commons.wikimedia.org/wiki/File:DAVID_MILLER_(15704846295).jpg,जेपी डुमिनी,"जेन-पॉल डूमिनी, जिसे छोटे रूप में जेपी डूमिनी कहा जाता है। वह एक अंतरराष्ट्रीय दक्षिण अफ्रीकी क्रिकेटर है। वह दक्षिण अफ्रीका की टी-20 अंतरराष्ट्रीय टीम के उप-कप्तान हैं। वह आईपीएल में मुंबई इंडियंस के लिए खेलते हैं।",https://commons.wikimedia.org/wiki/File:JP_DUMINY_(15681037986).jpg,आईसीसी चैंपियंस ट्रॉफी,दक्षिण अफ्रीका ने वर्ष 1998 आईसीसी चैंपियंस ट्रॉफी पर कब्जा जमाया था।,,,क्रिकेट विश्व कप- 2003,दक्षिण अफ्रीका ने क्रिकेट विश्व कप 2003 की मेजबानी की थी।,,P5,, ,,,,,,,,,,,किट प्रायोजक,न्यू बैलेंस,https://commons.wikimedia.org/wiki/File:New_Balance_logo.svg,शर्ट प्रायोजक,स्टैंडर्ड बैंक,https://en.wikipedia.org/wiki/File:Standard_Bank_SA_logo.svg,,,,,,
https://en.wikipedia.org/wiki/File:New_Zealand_Cricket_Cap_Insignia.svg,R15,https://hi.wikipedia.org/wiki/%E0%A4%A8%E0%A5%8D%E0%A4%AF%E0%A5%82%E0%A4%9C%E0%A4%BC%E0%A5%80%E0%A4%B2%E0%A5%88%E0%A4%82%E0%A4%A1_%E0%A4%95%E0%A5%8D%E0%A4%B0%E0%A4%BF%E0%A4%95%E0%A5%87%E0%A4%9F_%E0%A4%9F%E0%A5%80%E0%A4%AE,न्यूजीलैंड की राष्ट्रीय क्रिकेट टीम,R15,"न्यूजीलैंड की राष्ट्रीय क्रिकेट टीम, जिसका निकनेम ब्लैक कैप्स भी है, उसने अपना पहला टेस्ट वर्ष 1930 में इंग्लैंड के खिलाफ क्राइस्टचर्च में खेला था, जो टेस्ट क्रिकेट खेलने वाला पांचवा देश बना।",न्यूजीलैंड की राष्ट्रीय क्रिकेट टीम,G8,1894,न्यूजीलैंड क्रिकेट,केन विलियमसन,https://commons.wikimedia.org/wiki/File:Kane_Williamson_(9773667991).jpg,O30,केन विलियमसन,https://commons.wikimedia.org/wiki/File:Kane_Williamson_(9773667991).jpg,O30,केन विलियमसन,https://commons.wikimedia.org/wiki/File:Kane_Williamson_(9773667991).jpg,O30,गैरी स्टेड,,SF46,ईडन पार्क,ईडन पार्क न्यूजीलैंड का सबसे बड़ा खेल स्टेडियम है। यह न्यूजीलैंड के मध्य ऑकलैंड में स्थित है। इसका उपयोग मुख्य रूप से गर्मियों में क्रिकेट के लिए किया जाता है।,https://commons.wikimedia.org/wiki/File:Auckland_EdenPark.jpg,न्यूजीलैंड में क्रिकेट की शुरुआत,1842,न्यूजीलैंड में पहला आधिकारिक क्रिकेट मैच दिसंबर 1842 में वेलिंगटन में खेला गया था।,,,,,,,,,,,,,पहली राष्ट्रीय टीम,1904-1905,न्यूजीलैंड ने अपने पहले दो अंतरराष्ट्रीय मैच (टेस्ट में नहीं) वर्ष 1904–05 में ऑस्ट्रेलिया की स्टार टीम के खिलाफ खेले थे।,,,,,,,,,,,,,गृह युद्घ का समय,1927,"न्यूजीलैंड ने वर्ष 1927 में इंग्लैंड का दौरा किया था। इस दौरा में उन्होंने 26 प्रथम श्रेणी मैच खेले थे, जिनमें ज्यादातर मैच काउंटी टीमों के खिलाफ थे।",,,,,,,,,,,,,द्वितीय विश्व युद्ध के बाद,1950,न्यूजीलैंड ने अपना पहला मैच वर्ष 1951-52 में वेस्टइंडीज और 1955/56 में पाकिस्तान और भारत के खिलाफ खेला था।,,,,,,,,,,,,,रॉस टेलर,मार्टिन गुप्टिल,मार्टिन जेम्स गुप्तिल न्यूजीलैंड के एक अंतरराष्ट्रीय क्रिकेटर हैं जो एक सलामी बल्लेबाज के रूप में खेलते हैं। गुप्तिल के नाम क्रिकेट विश्व कप मैचों में सर्वोच्च व्यक्तिगत स्कोर बनाने का रिकॉर्ड है।,https://commons.wikimedia.org/wiki/File:Martin_Guptill_2_(cropped).jpg,कॉलिन मुनरो,कॉलिन मुनरो दक्षिण अफ्रीका में जन्मे न्यूजीलैंड के अंतरराष्ट्रीय क्रिकेटर हैं। वह तीन टी-20 अंतरराष्ट्रीय शतक बनाने वाले पहले खिलाड़ी हैं।,https://commons.wikimedia.org/wiki/File:Colin_Munro_with_the_Sydney_Sixers.jpg,केन विलियमसन,केन स्टुअर्ट विलियमसन न्यूजीलैंड के अंतरराष्ट्रीय क्रिकेटर हैं। वह वर्तमान में न्यूजीलैंड की राष्ट्रीय टीम और इंडियन प्रीमियर लीग में सनराइजर्स हैदराबाद के कप्तान हैं। उन्हें दुनिया के सर्वश्रेष्ठ बल्लेबाजों में से एक माना जाता है।,https://commons.wikimedia.org/wiki/File:Kane_Williamson_(9773667991).jpg,रॉस टेलर,टेलर को न्यूजीलैंड का प्रतिनिधित्व करने वाले सबसे महान बल्लेबाजों में से एक माना जाता है। वह एकदिवसीय अंतरराष्ट्रीय में अपने 17 शतकों के साथ वर्ष 2017 में अपने देश के लिए सबसे अधिक शतक जड़ने वाले खिलाड़ी बन गए।,https://commons.wikimedia.org/wiki/File:Ross_Taylor_(6159940521)_(cropped).jpg,क्रिकेट विश्व कप 1992,न्यूजीलैंड ने क्रिकेट विश्व कप 1992 की मेजबान की और सेमीफाइनल में पहुंचने वाली टीम रही।,,,क्रिकेट विश्व कप 2007,न्यूजीलैंड ने सेमीफाइनल में प्रवेश किया और कुल मिलाकर तीसरा स्थान प्राप्त किया।,,P6,आईसीसी चैंपियंस ट्रॉफी 2009,न्यूजीलैंड आईसीसी चैंपियंस ट्रॉफी-2009 में उपविजेता रहा था।,,P10,क्रिकेट विश्व कप 2015,क्रिकेट विश्व कप-2015 में न्यूजीलैंड उपविजेता रहा था।,P8,,,,,,शर्ट प्रायोजक (सामने),एएनजेड,https://en.wikipedia.org/wiki/File:ANZ-brand.svg,किट प्रायोजक,कैंटरबरी,https://en.wikipedia.org/wiki/File:Canterbury_of_New_Zealand_logo.svg,शर्ट प्रायोजक (सामने),लॉटस हर्बल्स,,,,
https://en.wikipedia.org/wiki/File:Delhi_Capitals_Logo.svg,R16,,देल्ही कैपिटल्स,R16,"देल्ही कैपिटल्स एक फ्रेंचाइजी क्रिकेट टीम है, जो इंडियन प्रीमियर लीग (आईपीएल) में दिल्ली शहर का प्रतिनिधित्व करती है।",नई दिल्ली,G16,2008,,,,,,,,श्रेयस अय्यर,,SF91,रिकी पोंटिंग,https://commons.wikimedia.org/wiki/File:Ricky_Ponting_2015.jpg,SF48,फिरोज शाह कोटला मैदान,फ़िरोज़ शाह कोटला मैदान नई दिल्ली के बहादुर शाह ज़फ़र मार्ग पर स्थित एक क्रिकेट मैदान है। इसकी स्थापना 1883 में हुई थी और यह भारत का दूसरा सबसे पुराना अंतरराष्ट्रीय क्रिकेट स्टेडियम है।,https://commons.wikimedia.org/wiki/File:Feroz_Shah_Kotla_during_India_vs_Australia_2019_ODI.jpg,आईपीएल सत्र-2008,2008,देल्ही डेयरडेविल्स ने आईपीएल के उद्घाटन संस्करण में अच्छा प्रदर्शन किया था। वह सेमीफाइनल में चैंपियन राजस्थान रॉयल्स से हार गई थी।,,,,P19,,,,,,,,,आईपीएल सत्र-2009,2009,नियमित सत्र में हावी होने के बाव डेयरडेविल्स ने ऑस्ट्रेलियाई बल्लेबाज एडम गिलक्रिस्ट की जबरदस्त बल्लेबाजी से सेमीफाइनल में प्रवेश कर लिया। जिसने आईपीएल इतिहास (सिर्फ 17 गेंदों) में संयुक्त 5वां सबसे तेज अर्धशतक जमाया था।,,,,P20,,,,,,,,,आईपीएल सत्र-2013,2013,दिल्ली डेयरडेविल्स ने आईपीएल 2013 में अपने पहले छह मैच गंवा दिए थे और उसने सातवें मैच में मुंबई इंडियंस के खिलाफ अपनी पहली जीत हासिल की थी।,,,,P22,,,,,,,,,आईपीएल सत्र- 2016,2016,"दो बार की चैंपियंस कोलकाता नाइट राइडर्स के खिलाफ अपना पहला मैच हारने के बाद, वो किंग्स इलेवन पंजाब, रॉयल चैलेंजर्स बैंगलोर, मौजूदा चैंपियन मुंबई इंडियंस व दूसरे चरण में कोलकाता नाइट राइडर्स और नई शामिल हुई टीम गुजरात लायंस पर हावी हो गए।",,,,P14,,,,,,,,,ट्रेंट बोल्ट,शिखर धवन,"शिखर धवन ने अगस्त 2013 में लिस्ट ए मैच में उस समय का दूसरा सबसे बड़ा व्यक्तिगत स्कोर का रिकॉर्ड बनाया, जब उन्होंने प्रिटोरिया में भारत ए के लिए दक्षिण अफ्रीका ए के खिलाफ 150 गेंदों पर 248 रन बनाये।",https://commons.wikimedia.org/wiki/File:SHIKHAR_DHAWAN_(16005494418).jpg,कॉलिन मुनरो,कॉलिन मुनरो दक्षिण अफ्रीका में जन्मे न्यूजीलैंड के अंतरराष्ट्रीय क्रिकेटर हैं। जो सीमित ओवरों के प्रारूप खेलते हैं। वह तीन टी-20 अंतरराष्ट्रीय शतक लगाने वाले पहले खिलाड़ी हैं।,https://commons.wikimedia.org/wiki/File:Colin_Munro_with_the_Sydney_Sixers.jpg,केगिसो रबादा,"कगिसो रबाडा (जन्म 25 मई 1995) एक दक्षिण अफ्रीकी अंतरराष्ट्रीय क्रिकेटर हैं जो खेल के सभी प्रारूपों में खेलते हैं। रबाडा को केजी उपनाम से भी जाना जाता है। वह क्रिकेट साउथ अफ्रीका के (सीएसए) वार्षिक डिनर में छह पुरस्कार जीतने वाले पहले क्रिकेटर बने, जिसमें 2016 में क्रिकेटर ऑफ द ईयर का पुरस्कार भी शामिल है।",https://commons.wikimedia.org/wiki/File:Rabada.jpg,ट्रेंट बोल्ट,ट्रेंट अलेक्जेंडर बोल्ट न्यूजीलैंड के एक अंतरराष्ट्रीय क्रिकेटर हैं जो तेज गेंदबाज के तौर में खेलते हैं। वह 2015 क्रिकेट विश्व कप में संयुक्त रूप से सबसे ज्यादा विकेट लेने वाले गेंदबाज थे।,"https://commons.wikimedia.org/wiki/File:2018.02.03.22.23.14-AUSvNZL_T20_AUS_innings,_SCG_(39533156665).jpg",इंडियन प्रीमियर लीग-2008,इंडियन प्रीमियर लीग-2008 में चौथे स्थान पर रहा था।,,,इंडियन प्रीमियर लीग-2009,देल्ही कैपिटल्स इंडियन प्रीमियर लीग-2009 में तीसरे स्थान पर रही थी।,,P20,,,,,,,,,,,,,शर्ट प्रायोजक (सामने),डाइकिन,https://commons.wikimedia.org/wiki/File:DAIKIN_logo.svg,शर्ट प्रायोजक (बैक),एपीएल अपोलो स्टील ट्यूब्स,,,,,,,